"log_date"	"log_hour"	"app_name"	"user_id"	"count"
"2013-08-16"	4	"game-01"	1973	49
"2013-08-16"	6	"game-01"	1973	48
"2013-08-16"	15	"game-01"	1973	2
"2013-08-16"	10	"game-01"	1973	70
"2013-08-16"	16	"game-01"	1973	73
"2013-08-16"	17	"game-01"	1973	40
"2013-08-16"	14	"game-01"	4729	30
"2013-08-16"	10	"game-01"	390	50
"2013-08-16"	23	"game-01"	390	32
"2013-08-16"	22	"game-01"	390	383
"2013-08-16"	9	"game-01"	390	223
"2013-08-16"	5	"game-01"	390	57
"2013-08-16"	12	"game-01"	390	91
"2013-08-16"	4	"game-01"	390	96
"2013-08-16"	21	"game-01"	390	106
"2013-08-16"	11	"game-01"	390	20
"2013-08-16"	3	"game-01"	5252	13
"2013-08-16"	5	"game-01"	5252	28
"2013-08-16"	4	"game-01"	5252	19
"2013-08-16"	15	"game-01"	6817	54
"2013-08-16"	8	"game-01"	6817	197
"2013-08-16"	1	"game-01"	6817	9
"2013-08-16"	14	"game-01"	6817	22
"2013-08-16"	4	"game-01"	7271	13
"2013-08-16"	3	"game-01"	677	13
"2013-08-16"	14	"game-01"	1164	10
"2013-08-16"	23	"game-01"	7325	10
"2013-08-16"	17	"game-01"	7325	55
"2013-08-16"	3	"game-01"	7325	13
"2013-08-16"	15	"game-01"	7325	103
"2013-08-16"	19	"game-01"	6956	33
"2013-08-16"	0	"game-01"	6956	118
"2013-08-16"	18	"game-01"	7829	29
"2013-08-16"	22	"game-01"	7829	70
"2013-08-16"	15	"game-01"	7829	7
"2013-08-16"	14	"game-01"	7829	36
"2013-08-16"	3	"game-01"	7829	56
"2013-08-16"	23	"game-01"	7829	26
"2013-08-16"	21	"game-01"	5418	62
"2013-08-16"	4	"game-01"	5765	5
"2013-08-16"	19	"game-01"	3700	61
"2013-08-16"	9	"game-01"	3700	140
"2013-08-16"	10	"game-01"	3700	395
"2013-08-16"	7	"game-01"	9253	22
"2013-08-16"	10	"game-01"	5920	48
"2013-08-16"	8	"game-01"	9540	2
"2013-08-16"	10	"game-01"	9540	4
"2013-08-16"	3	"game-01"	9540	9
"2013-08-16"	23	"game-01"	9540	20
"2013-08-16"	15	"game-01"	9540	100
"2013-08-16"	4	"game-01"	7093	93
"2013-08-16"	12	"game-01"	7093	56
"2013-08-16"	21	"game-01"	2554	28
"2013-08-16"	18	"game-01"	2554	3
"2013-08-16"	1	"game-01"	2064	285
"2013-08-16"	14	"game-01"	2064	39
"2013-08-16"	4	"game-01"	2064	142
"2013-08-16"	5	"game-01"	2064	87
"2013-08-16"	2	"game-01"	2064	261
"2013-08-16"	3	"game-01"	2064	30
"2013-08-16"	18	"game-01"	1905	3
"2013-08-16"	8	"game-01"	5832	42
"2013-08-16"	11	"game-01"	5832	6
"2013-08-16"	19	"game-01"	5832	38
"2013-08-16"	10	"game-01"	5832	8
"2013-08-16"	12	"game-01"	5832	2
"2013-08-16"	23	"game-01"	5832	49
"2013-08-16"	23	"game-01"	2016	6
"2013-08-16"	13	"game-01"	687	33
"2013-08-16"	23	"game-01"	687	23
"2013-08-16"	11	"game-01"	687	72
"2013-08-16"	4	"game-01"	687	14
"2013-08-16"	3	"game-01"	3068	41
"2013-08-16"	0	"game-01"	3068	232
"2013-08-16"	14	"game-01"	3068	6
"2013-08-16"	15	"game-01"	3068	148
"2013-08-16"	6	"game-01"	2123	7
"2013-08-16"	16	"game-01"	2123	62
"2013-08-16"	16	"game-01"	476	3
"2013-08-16"	13	"game-01"	8545	13
"2013-08-16"	7	"game-01"	8545	7
"2013-08-16"	5	"game-01"	8545	12
"2013-08-16"	18	"game-01"	8545	59
"2013-08-16"	3	"game-01"	553	63
"2013-08-16"	17	"game-01"	553	110
"2013-08-16"	8	"game-01"	7392	46
"2013-08-16"	21	"game-01"	6929	68
"2013-08-16"	11	"game-01"	6929	15
"2013-08-16"	8	"game-01"	6929	3
"2013-08-16"	23	"game-01"	6929	66
"2013-08-16"	5	"game-01"	6929	28
"2013-08-16"	13	"game-01"	6929	11
"2013-08-16"	22	"game-01"	6929	264
"2013-08-16"	4	"game-01"	6929	24
"2013-08-16"	21	"game-01"	4538	42
"2013-08-16"	17	"game-01"	4538	18
"2013-08-16"	23	"game-01"	852	13
"2013-08-16"	13	"game-01"	852	202
"2013-08-16"	21	"game-01"	852	112
"2013-08-16"	2	"game-01"	852	27
"2013-08-16"	22	"game-01"	2435	24
"2013-08-16"	1	"game-01"	2435	207
"2013-08-16"	0	"game-01"	2435	298
"2013-08-16"	13	"game-01"	8019	6
"2013-08-16"	8	"game-01"	8019	37
"2013-08-16"	19	"game-01"	5687	104
"2013-08-16"	11	"game-01"	683	7
"2013-08-16"	12	"game-01"	7194	78
"2013-08-16"	14	"game-01"	7194	200
"2013-08-16"	15	"game-01"	7194	47
"2013-08-16"	15	"game-01"	8856	8
"2013-08-16"	14	"game-01"	8856	3
"2013-08-16"	0	"game-01"	8856	102
"2013-08-16"	7	"game-01"	6252	2
"2013-08-16"	6	"game-01"	6252	27
"2013-08-16"	13	"game-01"	6252	6
"2013-08-16"	5	"game-01"	6252	38
"2013-08-16"	14	"game-01"	6252	22
"2013-08-16"	16	"game-01"	3481	8
"2013-08-16"	1	"game-01"	3481	31
"2013-08-16"	3	"game-01"	3481	88
"2013-08-16"	17	"game-01"	3481	63
"2013-08-16"	15	"game-01"	3481	73
"2013-08-16"	2	"game-01"	3481	76
"2013-08-16"	5	"game-01"	3481	18
"2013-08-16"	22	"game-01"	3481	15
"2013-08-16"	21	"game-01"	3481	87
"2013-08-16"	4	"game-01"	2254	5
"2013-08-16"	3	"game-01"	4607	17
"2013-08-16"	4	"game-01"	4607	31
"2013-08-16"	10	"game-01"	4607	68
"2013-08-16"	16	"game-01"	4607	119
"2013-08-16"	8	"game-01"	4607	1
"2013-08-16"	12	"game-01"	4607	31
"2013-08-16"	17	"game-01"	4607	211
"2013-08-16"	13	"game-01"	4607	315
"2013-08-16"	7	"game-01"	4607	42
"2013-08-16"	1	"game-01"	4607	49
"2013-08-16"	2	"game-01"	4607	227
"2013-08-16"	15	"game-01"	4607	13
"2013-08-16"	11	"game-01"	4607	37
"2013-08-16"	14	"game-01"	4607	40
"2013-08-16"	13	"game-01"	8460	250
"2013-08-16"	10	"game-01"	8460	69
"2013-08-16"	12	"game-01"	8460	24
"2013-08-16"	22	"game-01"	8460	13
"2013-08-16"	14	"game-01"	8460	215
"2013-08-16"	2	"game-01"	8460	35
"2013-08-16"	9	"game-01"	8460	171
"2013-08-16"	5	"game-01"	1629	16
"2013-08-16"	2	"game-01"	1629	11
"2013-08-16"	9	"game-01"	9156	69
"2013-08-16"	13	"game-01"	2243	14
"2013-08-16"	3	"game-01"	2243	42
"2013-08-16"	11	"game-01"	2243	6
"2013-08-16"	5	"game-01"	2243	3
"2013-08-16"	12	"game-01"	2243	35
"2013-08-16"	7	"game-01"	2243	1
"2013-08-16"	2	"game-01"	2243	2
"2013-08-16"	14	"game-01"	2210	3
"2013-08-16"	0	"game-01"	2744	97
"2013-08-16"	23	"game-01"	2744	216
"2013-08-16"	11	"game-01"	2744	56
"2013-08-16"	3	"game-01"	2744	92
"2013-08-16"	9	"game-01"	2744	110
"2013-08-16"	5	"game-01"	2744	35
"2013-08-16"	10	"game-01"	2744	44
"2013-08-16"	22	"game-01"	2744	49
"2013-08-16"	21	"game-01"	2744	200
"2013-08-16"	7	"game-01"	2744	151
"2013-08-16"	6	"game-01"	2744	108
"2013-08-16"	4	"game-01"	2744	101
"2013-08-16"	1	"game-01"	2744	171
"2013-08-16"	8	"game-01"	2744	255
"2013-08-16"	2	"game-01"	2744	292
"2013-08-16"	13	"game-01"	5999	2
"2013-08-16"	7	"game-01"	2761	41
"2013-08-16"	1	"game-01"	2761	160
"2013-08-16"	22	"game-01"	2761	68
"2013-08-16"	23	"game-01"	2761	99
"2013-08-16"	2	"game-01"	2761	36
"2013-08-16"	19	"game-01"	2761	23
"2013-08-16"	13	"game-01"	8963	40
"2013-08-16"	14	"game-01"	8963	114
"2013-08-16"	12	"game-01"	8963	77
"2013-08-16"	3	"game-01"	8963	3
"2013-08-16"	7	"game-01"	6184	44
"2013-08-16"	12	"game-01"	6184	17
"2013-08-16"	17	"game-01"	2722	49
"2013-08-16"	13	"game-01"	2722	63
"2013-08-16"	14	"game-01"	2722	24
"2013-08-16"	9	"game-01"	2722	12
"2013-08-16"	2	"game-01"	2722	30
"2013-08-16"	16	"game-01"	2722	9
"2013-08-16"	5	"game-01"	2722	27
"2013-08-16"	4	"game-01"	2722	38
"2013-08-16"	10	"game-01"	2722	208
"2013-08-16"	12	"game-01"	2722	106
"2013-08-16"	4	"game-01"	3676	32
"2013-08-16"	23	"game-01"	3676	15
"2013-08-16"	3	"game-01"	3676	16
"2013-08-16"	8	"game-01"	3676	37
"2013-08-16"	18	"game-01"	3676	17
"2013-08-16"	11	"game-01"	2020	8
"2013-08-16"	6	"game-01"	7856	159
"2013-08-16"	10	"game-01"	7856	7
"2013-08-16"	13	"game-01"	7856	26
"2013-08-16"	19	"game-01"	7856	3
"2013-08-16"	7	"game-01"	7856	10
"2013-08-16"	23	"game-01"	2540	18
"2013-08-16"	17	"game-01"	2540	78
"2013-08-16"	12	"game-01"	2540	93
"2013-08-16"	6	"game-01"	2540	109
"2013-08-16"	5	"game-01"	2540	20
"2013-08-16"	22	"game-01"	2540	30
"2013-08-16"	13	"game-01"	5248	71
"2013-08-16"	22	"game-01"	5248	20
"2013-08-16"	9	"game-01"	5248	267
"2013-08-16"	16	"game-01"	5248	40
"2013-08-16"	23	"game-01"	5248	266
"2013-08-16"	11	"game-01"	5248	210
"2013-08-16"	15	"game-01"	5248	347
"2013-08-16"	12	"game-01"	5248	16
"2013-08-16"	8	"game-01"	5248	163
"2013-08-16"	10	"game-01"	5248	197
"2013-08-16"	3	"game-01"	6154	40
"2013-08-16"	4	"game-01"	6154	118
"2013-08-16"	22	"game-01"	6154	30
"2013-08-16"	9	"game-01"	6154	104
"2013-08-16"	5	"game-01"	6154	52
"2013-08-16"	23	"game-01"	6154	15
"2013-08-16"	6	"game-01"	6154	5
"2013-08-16"	12	"game-01"	6154	6
"2013-08-16"	7	"game-01"	8036	33
"2013-08-16"	2	"game-01"	8036	251
"2013-08-16"	1	"game-01"	8036	114
"2013-08-16"	9	"game-01"	8036	54
"2013-08-16"	10	"game-01"	6492	95
"2013-08-16"	21	"game-01"	4293	80
"2013-08-16"	13	"game-01"	4293	130
"2013-08-16"	11	"game-01"	4438	15
"2013-08-16"	22	"game-01"	4438	29
"2013-08-16"	23	"game-01"	1635	5
"2013-08-16"	22	"game-01"	9385	19
"2013-08-16"	2	"game-01"	9385	125
"2013-08-16"	23	"game-01"	9385	95
"2013-08-16"	12	"game-01"	8635	4
"2013-08-16"	6	"game-01"	8253	33
"2013-08-16"	15	"game-01"	8253	20
"2013-08-16"	1	"game-01"	196	38
"2013-08-16"	6	"game-01"	7817	3
"2013-08-16"	5	"game-01"	7817	62
"2013-08-16"	10	"game-01"	6611	1
"2013-08-16"	5	"game-01"	1298	9
"2013-08-16"	2	"game-01"	1298	98
"2013-08-16"	23	"game-01"	1298	183
"2013-08-16"	1	"game-01"	1298	3
"2013-08-16"	14	"game-01"	1298	7
"2013-08-16"	6	"game-01"	1298	17
"2013-08-16"	2	"game-01"	3964	65
"2013-08-16"	12	"game-01"	8240	5
"2013-08-16"	23	"game-01"	3795	104
"2013-08-16"	22	"game-01"	3795	12
"2013-08-16"	4	"game-01"	3795	69
"2013-08-16"	11	"game-01"	5537	9
"2013-08-16"	13	"game-01"	5537	1
"2013-08-16"	10	"game-01"	5537	11
"2013-08-16"	16	"game-01"	5537	3
"2013-08-16"	8	"game-01"	7089	8
"2013-08-16"	0	"game-01"	7089	28
"2013-08-16"	1	"game-01"	5186	27
"2013-08-16"	23	"game-01"	5720	130
"2013-08-16"	10	"game-01"	5720	15
"2013-08-16"	11	"game-01"	5720	57
"2013-08-16"	3	"game-01"	1517	122
"2013-08-16"	2	"game-01"	1517	131
"2013-08-16"	8	"game-01"	4181	6
"2013-08-16"	19	"game-01"	4181	4
"2013-08-16"	2	"game-01"	164	3
"2013-08-16"	9	"game-01"	1404	21
"2013-08-16"	15	"game-01"	1404	1
"2013-08-16"	19	"game-01"	1404	38
"2013-08-16"	16	"game-01"	1404	90
"2013-08-16"	3	"game-01"	1404	35
"2013-08-16"	14	"game-01"	1404	43
"2013-08-16"	10	"game-01"	7961	39
"2013-08-16"	12	"game-01"	7961	33
"2013-08-16"	8	"game-01"	7961	299
"2013-08-16"	18	"game-01"	7961	45
"2013-08-16"	5	"game-01"	2785	3
"2013-08-16"	0	"game-01"	2785	32
"2013-08-16"	5	"game-01"	5672	13
"2013-08-16"	23	"game-01"	5672	130
"2013-08-16"	3	"game-01"	5672	45
"2013-08-16"	8	"game-01"	8765	71
"2013-08-16"	1	"game-01"	8765	8
"2013-08-16"	0	"game-01"	7912	15
"2013-08-16"	21	"game-01"	7912	38
"2013-08-16"	13	"game-01"	7912	3
"2013-08-16"	14	"game-01"	7912	19
"2013-08-16"	15	"game-01"	463	70
"2013-08-16"	2	"game-01"	463	122
"2013-08-16"	0	"game-01"	463	112
"2013-08-16"	1	"game-01"	463	91
"2013-08-16"	23	"game-01"	7589	12
"2013-08-16"	2	"game-01"	2272	8
"2013-08-16"	4	"game-01"	2272	65
"2013-08-16"	5	"game-01"	2272	89
"2013-08-16"	23	"game-01"	2575	8
"2013-08-16"	22	"game-01"	2575	30
"2013-08-16"	23	"game-01"	8309	114
"2013-08-16"	5	"game-01"	8309	59
"2013-08-16"	10	"game-01"	8309	80
"2013-08-16"	12	"game-01"	8309	39
"2013-08-16"	22	"game-01"	6167	21
"2013-08-16"	0	"game-01"	6167	54
"2013-08-16"	16	"game-01"	2720	13
"2013-08-16"	22	"game-01"	9190	2
"2013-08-16"	10	"game-01"	3110	12
"2013-08-16"	23	"game-01"	3110	6
"2013-08-16"	11	"game-01"	3110	58
"2013-08-16"	21	"game-01"	3110	88
"2013-08-16"	3	"game-01"	7020	52
"2013-08-16"	18	"game-01"	7020	19
"2013-08-16"	21	"game-01"	2789	15
"2013-08-16"	1	"game-01"	2789	27
"2013-08-16"	22	"game-01"	2789	3
"2013-08-16"	5	"game-01"	2789	45
"2013-08-16"	18	"game-01"	2789	145
"2013-08-16"	2	"game-01"	2789	231
"2013-08-16"	17	"game-01"	2789	31
"2013-08-16"	19	"game-01"	2789	63
"2013-08-16"	4	"game-01"	2789	144
"2013-08-16"	23	"game-01"	4355	2
"2013-08-16"	13	"game-01"	4355	173
"2013-08-16"	9	"game-01"	4355	173
"2013-08-16"	16	"game-01"	4355	120
"2013-08-16"	6	"game-01"	4355	262
"2013-08-16"	22	"game-01"	4355	1
"2013-08-16"	14	"game-01"	4355	194
"2013-08-16"	15	"game-01"	4355	88
"2013-08-16"	19	"game-01"	4355	1
"2013-08-16"	7	"game-01"	4355	44
"2013-08-16"	21	"game-01"	4355	3
"2013-08-16"	18	"game-01"	4355	26
"2013-08-16"	12	"game-01"	4355	14
"2013-08-16"	8	"game-01"	4355	50
"2013-08-16"	10	"game-01"	5378	149
"2013-08-16"	15	"game-01"	5378	35
"2013-08-16"	14	"game-01"	5378	16
"2013-08-16"	13	"game-01"	5378	49
"2013-08-16"	8	"game-01"	5378	97
"2013-08-16"	11	"game-01"	5378	23
"2013-08-16"	23	"game-01"	5378	66
"2013-08-16"	13	"game-01"	3488	165
"2013-08-16"	15	"game-01"	3488	111
"2013-08-16"	14	"game-01"	3488	68
"2013-08-16"	16	"game-01"	2909	1
"2013-08-16"	6	"game-01"	8504	87
"2013-08-16"	2	"game-01"	8504	86
"2013-08-16"	23	"game-01"	8504	168
"2013-08-16"	14	"game-01"	8504	27
"2013-08-16"	9	"game-01"	8504	67
"2013-08-16"	10	"game-01"	8504	79
"2013-08-16"	15	"game-01"	8504	8
"2013-08-16"	22	"game-01"	8504	147
"2013-08-16"	13	"game-01"	8504	111
"2013-08-16"	12	"game-01"	8504	24
"2013-08-16"	10	"game-01"	2872	3
"2013-08-16"	22	"game-01"	2872	49
"2013-08-16"	5	"game-01"	2872	39
"2013-08-16"	0	"game-01"	2872	123
"2013-08-16"	11	"game-01"	2872	42
"2013-08-16"	12	"game-01"	2872	23
"2013-08-16"	21	"game-01"	2872	109
"2013-08-16"	6	"game-01"	1462	4
"2013-08-16"	14	"game-01"	1462	3
"2013-08-16"	23	"game-01"	1462	124
"2013-08-16"	4	"game-01"	1462	3
"2013-08-16"	2	"game-01"	1462	89
"2013-08-16"	10	"game-01"	1162	61
"2013-08-16"	3	"game-01"	6564	42
"2013-08-16"	8	"game-01"	1652	52
"2013-08-16"	16	"game-01"	1652	8
"2013-08-16"	1	"game-01"	1652	10
"2013-08-16"	15	"game-01"	1652	4
"2013-08-16"	3	"game-01"	1652	8
"2013-08-16"	5	"game-01"	1652	14
"2013-08-16"	22	"game-01"	1652	14
"2013-08-16"	7	"game-01"	1652	3
"2013-08-16"	2	"game-01"	1652	55
"2013-08-16"	21	"game-01"	1687	11
"2013-08-16"	7	"game-01"	1687	21
"2013-08-16"	22	"game-01"	1687	2
"2013-08-16"	4	"game-01"	9656	25
"2013-08-16"	13	"game-01"	9656	5
"2013-08-16"	10	"game-01"	9656	2
"2013-08-16"	5	"game-01"	9656	244
"2013-08-16"	0	"game-01"	9656	133
"2013-08-16"	9	"game-01"	9656	73
"2013-08-16"	22	"game-01"	9656	224
"2013-08-16"	6	"game-01"	9656	16
"2013-08-16"	7	"game-01"	9656	20
"2013-08-16"	21	"game-01"	9656	27
"2013-08-16"	12	"game-01"	9656	60
"2013-08-16"	8	"game-01"	2345	150
"2013-08-16"	21	"game-01"	2345	12
"2013-08-16"	23	"game-01"	2345	32
"2013-08-16"	9	"game-01"	2345	64
"2013-08-16"	11	"game-01"	2345	64
"2013-08-16"	22	"game-01"	2345	67
"2013-08-16"	14	"game-01"	2345	23
"2013-08-16"	7	"game-01"	2345	75
"2013-08-16"	19	"game-01"	2345	189
"2013-08-16"	6	"game-01"	5952	223
"2013-08-16"	2	"game-01"	5952	4
"2013-08-16"	7	"game-01"	5952	216
"2013-08-16"	3	"game-01"	5952	1
"2013-08-16"	22	"game-01"	3576	23
"2013-08-16"	9	"game-01"	8826	31
"2013-08-16"	8	"game-01"	4282	128
"2013-08-16"	22	"game-01"	4282	94
"2013-08-16"	11	"game-01"	4282	60
"2013-08-16"	1	"game-01"	4282	7
"2013-08-16"	23	"game-01"	4282	200
"2013-08-16"	10	"game-01"	4282	35
"2013-08-16"	3	"game-01"	4282	51
"2013-08-16"	10	"game-01"	7170	120
"2013-08-16"	11	"game-01"	6762	20
"2013-08-16"	4	"game-01"	4295	22
"2013-08-16"	14	"game-01"	4295	24
"2013-08-16"	9	"game-01"	4295	18
"2013-08-16"	21	"game-01"	4295	148
"2013-08-16"	3	"game-01"	4295	162
"2013-08-16"	23	"game-01"	4295	338
"2013-08-16"	0	"game-01"	4295	94
"2013-08-16"	8	"game-01"	4295	71
"2013-08-16"	1	"game-01"	4295	66
"2013-08-16"	15	"game-01"	4295	111
"2013-08-16"	12	"game-01"	4295	226
"2013-08-16"	13	"game-01"	4295	318
"2013-08-16"	5	"game-01"	4295	167
"2013-08-16"	19	"game-01"	4295	136
"2013-08-16"	2	"game-01"	4295	318
"2013-08-16"	22	"game-01"	4295	417
"2013-08-16"	7	"game-01"	4295	125
"2013-08-16"	6	"game-01"	4295	191
"2013-08-16"	11	"game-01"	4295	147
"2013-08-16"	22	"game-01"	2504	17
"2013-08-16"	23	"game-01"	2504	4
"2013-08-16"	0	"game-01"	2504	37
"2013-08-16"	8	"game-01"	7460	112
"2013-08-16"	19	"game-01"	7460	11
"2013-08-16"	22	"game-01"	731	111
"2013-08-16"	9	"game-01"	731	18
"2013-08-16"	23	"game-01"	731	18
"2013-08-16"	3	"game-01"	731	1
"2013-08-16"	8	"game-01"	731	61
"2013-08-16"	11	"game-01"	731	55
"2013-08-16"	2	"game-01"	731	39
"2013-08-16"	17	"game-01"	8147	12
"2013-08-16"	9	"game-01"	4622	68
"2013-08-16"	10	"game-01"	4622	51
"2013-08-16"	10	"game-01"	519	28
"2013-08-16"	1	"game-01"	2638	32
"2013-08-16"	6	"game-01"	2638	19
"2013-08-16"	11	"game-01"	3461	5
"2013-08-16"	10	"game-01"	4842	44
"2013-08-16"	8	"game-01"	8311	27
"2013-08-16"	22	"game-01"	8311	3
"2013-08-16"	23	"game-01"	8311	21
"2013-08-16"	0	"game-01"	3981	17
"2013-08-16"	2	"game-01"	3981	26
"2013-08-16"	22	"game-01"	3981	322
"2013-08-16"	11	"game-01"	3981	7
"2013-08-16"	12	"game-01"	3981	52
"2013-08-16"	1	"game-01"	3981	4
"2013-08-16"	4	"game-01"	3981	4
"2013-08-16"	23	"game-01"	3981	107
"2013-08-16"	2	"game-01"	4214	41
"2013-08-16"	6	"game-01"	4214	34
"2013-08-16"	19	"game-01"	8346	3
"2013-08-16"	11	"game-01"	8346	4
"2013-08-16"	2	"game-01"	8346	42
"2013-08-16"	3	"game-01"	8346	26
"2013-08-16"	16	"game-01"	8967	4
"2013-08-16"	21	"game-01"	1049	29
"2013-08-16"	1	"game-01"	8102	217
"2013-08-16"	0	"game-01"	8102	14
"2013-08-16"	23	"game-01"	8102	426
"2013-08-16"	22	"game-01"	8102	16
"2013-08-16"	3	"game-01"	8102	29
"2013-08-16"	2	"game-01"	2125	30
"2013-08-16"	1	"game-01"	2125	31
"2013-08-16"	7	"game-01"	2125	14
"2013-08-16"	14	"game-01"	2125	19
"2013-08-16"	15	"game-01"	2125	145
"2013-08-16"	22	"game-01"	3325	13
"2013-08-16"	21	"game-01"	3325	83
"2013-08-16"	7	"game-01"	3325	42
"2013-08-16"	16	"game-01"	5588	235
"2013-08-16"	6	"game-01"	8996	62
"2013-08-16"	16	"game-01"	366	2
"2013-08-16"	23	"game-01"	5427	89
"2013-08-16"	14	"game-01"	5427	34
"2013-08-16"	13	"game-01"	5427	1
"2013-08-16"	2	"game-01"	9929	33
"2013-08-16"	3	"game-01"	9929	26
"2013-08-16"	5	"game-01"	213	117
"2013-08-16"	11	"game-01"	213	116
"2013-08-16"	9	"game-01"	213	121
"2013-08-16"	4	"game-01"	213	35
"2013-08-16"	13	"game-01"	7050	193
"2013-08-16"	7	"game-01"	7050	31
"2013-08-16"	12	"game-01"	7050	368
"2013-08-16"	11	"game-01"	7050	210
"2013-08-16"	2	"game-01"	7050	9
"2013-08-16"	6	"game-01"	6844	3
"2013-08-16"	10	"game-01"	4797	39
"2013-08-16"	14	"game-01"	3190	50
"2013-08-16"	2	"game-01"	1424	83
"2013-08-16"	13	"game-01"	1424	14
"2013-08-16"	16	"game-01"	1424	222
"2013-08-16"	6	"game-01"	1424	160
"2013-08-16"	11	"game-01"	1424	384
"2013-08-16"	12	"game-01"	1424	106
"2013-08-16"	17	"game-01"	1424	222
"2013-08-16"	18	"game-01"	1424	226
"2013-08-16"	15	"game-01"	1424	286
"2013-08-16"	14	"game-01"	3623	322
"2013-08-16"	13	"game-01"	3623	50
"2013-08-16"	5	"game-01"	750	47
"2013-08-16"	8	"game-01"	203	14
"2013-08-16"	8	"game-01"	5865	110
"2013-08-16"	14	"game-01"	5865	30
"2013-08-16"	9	"game-01"	5865	63
"2013-08-16"	5	"game-01"	5865	36
"2013-08-16"	4	"game-01"	5865	242
"2013-08-16"	13	"game-01"	5865	67
"2013-08-16"	10	"game-01"	5865	502
"2013-08-16"	18	"game-01"	5865	61
"2013-08-16"	8	"game-01"	1250	48
"2013-08-16"	16	"game-01"	1250	70
"2013-08-16"	14	"game-01"	6141	89
"2013-08-16"	16	"game-01"	6141	45
"2013-08-16"	0	"game-01"	7735	127
"2013-08-16"	21	"game-01"	7735	74
"2013-08-16"	22	"game-01"	7735	18
"2013-08-16"	1	"game-01"	7735	3
"2013-08-16"	9	"game-01"	7735	15
"2013-08-16"	23	"game-01"	7735	37
"2013-08-16"	3	"game-01"	7735	13
"2013-08-16"	23	"game-01"	7401	50
"2013-08-16"	9	"game-01"	7401	86
"2013-08-16"	22	"game-01"	7401	247
"2013-08-16"	16	"game-01"	7401	53
"2013-08-16"	8	"game-01"	7401	7
"2013-08-16"	21	"game-01"	7401	120
"2013-08-16"	10	"game-01"	7401	240
"2013-08-16"	15	"game-01"	7401	213
"2013-08-16"	17	"game-01"	7401	16
"2013-08-16"	13	"game-01"	7401	3
"2013-08-16"	12	"game-01"	7401	75
"2013-08-16"	11	"game-01"	7401	3
"2013-08-16"	18	"game-01"	7401	9
"2013-08-16"	7	"game-01"	7401	196
"2013-08-16"	4	"game-01"	3548	16
"2013-08-16"	22	"game-01"	5124	56
"2013-08-16"	8	"game-01"	5124	15
"2013-08-16"	5	"game-01"	5124	12
"2013-08-16"	0	"game-01"	5124	69
"2013-08-16"	23	"game-01"	5124	129
"2013-08-16"	6	"game-01"	5124	31
"2013-08-16"	17	"game-01"	8644	2
"2013-08-16"	15	"game-01"	8644	1
"2013-08-16"	14	"game-01"	8644	3
"2013-08-16"	23	"game-01"	8644	24
"2013-08-16"	2	"game-01"	5553	178
"2013-08-16"	3	"game-01"	5553	2
"2013-08-16"	22	"game-01"	5553	151
"2013-08-16"	23	"game-01"	5553	36
"2013-08-16"	21	"game-01"	5553	37
"2013-08-16"	2	"game-01"	6800	3
"2013-08-16"	15	"game-01"	9780	12
"2013-08-16"	11	"game-01"	6465	255
"2013-08-16"	7	"game-01"	9077	75
"2013-08-16"	5	"game-01"	9077	103
"2013-08-16"	12	"game-01"	9077	5
"2013-08-16"	21	"game-01"	9077	73
"2013-08-16"	6	"game-01"	9077	49
"2013-08-16"	6	"game-01"	7383	4
"2013-08-16"	6	"game-01"	1715	4
"2013-08-16"	11	"game-01"	9445	46
"2013-08-16"	14	"game-01"	2797	11
"2013-08-16"	11	"game-01"	2797	4
"2013-08-16"	10	"game-01"	2797	111
"2013-08-16"	9	"game-01"	2467	2
"2013-08-16"	3	"game-01"	2467	3
"2013-08-16"	11	"game-01"	4647	34
"2013-08-16"	4	"game-01"	64	8
"2013-08-16"	17	"game-01"	5354	9
"2013-08-16"	22	"game-01"	4049	385
"2013-08-16"	4	"game-01"	4049	20
"2013-08-16"	18	"game-01"	4049	89
"2013-08-16"	21	"game-01"	4049	4
"2013-08-16"	15	"game-01"	4049	76
"2013-08-16"	13	"game-01"	4049	99
"2013-08-16"	6	"game-01"	4049	30
"2013-08-16"	12	"game-01"	4049	129
"2013-08-16"	2	"game-01"	4049	3
"2013-08-16"	1	"game-01"	4049	64
"2013-08-16"	23	"game-01"	4049	70
"2013-08-16"	17	"game-01"	9323	1
"2013-08-16"	0	"game-01"	8490	12
"2013-08-16"	17	"game-01"	5181	35
"2013-08-16"	5	"game-01"	5181	106
"2013-08-16"	14	"game-01"	5181	3
"2013-08-16"	13	"game-01"	5181	25
"2013-08-16"	6	"game-01"	5181	31
"2013-08-16"	21	"game-01"	6393	85
"2013-08-16"	18	"game-01"	6393	20
"2013-08-16"	17	"game-01"	6393	5
"2013-08-16"	4	"game-01"	2895	100
"2013-08-16"	14	"game-01"	3425	15
"2013-08-16"	15	"game-01"	3425	1
"2013-08-16"	6	"game-01"	2219	20
"2013-08-16"	15	"game-01"	2219	12
"2013-08-16"	15	"game-01"	9992	31
"2013-08-16"	23	"game-01"	6145	97
"2013-08-16"	22	"game-01"	6145	39
"2013-08-16"	13	"game-01"	5189	17
"2013-08-16"	16	"game-01"	8362	76
"2013-08-16"	22	"game-01"	8362	183
"2013-08-16"	23	"game-01"	8362	108
"2013-08-16"	2	"game-01"	8362	72
"2013-08-16"	16	"game-01"	2390	24
"2013-08-16"	7	"game-01"	2390	18
"2013-08-16"	0	"game-01"	2390	135
"2013-08-16"	22	"game-01"	2390	41
"2013-08-16"	6	"game-01"	2390	144
"2013-08-16"	19	"game-01"	2390	7
"2013-08-16"	21	"game-01"	2390	14
"2013-08-16"	23	"game-01"	2390	174
"2013-08-16"	18	"game-01"	2390	15
"2013-08-16"	1	"game-01"	2390	36
"2013-08-16"	15	"game-01"	2390	4
"2013-08-16"	5	"game-01"	2390	300
"2013-08-16"	17	"game-01"	2390	1
"2013-08-16"	21	"game-01"	2692	3
"2013-08-16"	11	"game-01"	2692	3
"2013-08-16"	23	"game-01"	2692	4
"2013-08-16"	16	"game-01"	7687	65
"2013-08-16"	7	"game-01"	7687	25
"2013-08-16"	22	"game-01"	7687	24
"2013-08-16"	4	"game-01"	7687	12
"2013-08-16"	18	"game-01"	7687	1
"2013-08-16"	5	"game-01"	7687	7
"2013-08-16"	2	"game-01"	7687	94
"2013-08-16"	6	"game-01"	7687	351
"2013-08-16"	1	"game-01"	7687	19
"2013-08-16"	17	"game-01"	7687	90
"2013-08-16"	21	"game-01"	2319	5
"2013-08-16"	12	"game-01"	1570	65
"2013-08-16"	11	"game-01"	2315	677
"2013-08-16"	9	"game-01"	2315	330
"2013-08-16"	10	"game-01"	2315	87
"2013-08-16"	7	"game-01"	2315	8
"2013-08-16"	6	"game-01"	2315	65
"2013-08-16"	13	"game-01"	2315	183
"2013-08-16"	4	"game-01"	2315	243
"2013-08-16"	5	"game-01"	2315	238
"2013-08-16"	8	"game-01"	2315	62
"2013-08-16"	12	"game-01"	2315	219
"2013-08-16"	6	"game-01"	3549	81
"2013-08-16"	23	"game-01"	3549	180
"2013-08-16"	22	"game-01"	3549	149
"2013-08-16"	7	"game-01"	3549	56
"2013-08-16"	0	"game-01"	3549	166
"2013-08-16"	16	"game-01"	3549	54
"2013-08-16"	13	"game-01"	3549	1
"2013-08-16"	4	"game-01"	3549	72
"2013-08-16"	5	"game-01"	3549	57
"2013-08-16"	15	"game-01"	3549	84
"2013-08-16"	1	"game-01"	3549	17
"2013-08-16"	14	"game-01"	9183	233
"2013-08-16"	13	"game-01"	9183	4
"2013-08-16"	23	"game-01"	9183	16
"2013-08-16"	22	"game-01"	8598	13
"2013-08-16"	0	"game-01"	7500	91
"2013-08-16"	22	"game-01"	7500	66
"2013-08-16"	21	"game-01"	7500	23
"2013-08-16"	0	"game-01"	5340	10
"2013-08-16"	6	"game-01"	5340	76
"2013-08-16"	14	"game-01"	5340	55
"2013-08-16"	22	"game-01"	5340	66
"2013-08-16"	9	"game-01"	5340	12
"2013-08-16"	4	"game-01"	5340	3
"2013-08-16"	7	"game-01"	5340	15
"2013-08-16"	1	"game-01"	5340	13
"2013-08-16"	13	"game-01"	5340	118
"2013-08-16"	3	"game-01"	928	55
"2013-08-16"	2	"game-01"	928	23
"2013-08-16"	0	"game-01"	1693	87
"2013-08-16"	3	"game-01"	1693	9
"2013-08-16"	6	"game-01"	1693	7
"2013-08-16"	2	"game-01"	1693	44
"2013-08-16"	5	"game-01"	1693	9
"2013-08-16"	18	"game-01"	1693	207
"2013-08-16"	16	"game-01"	1693	144
"2013-08-16"	17	"game-01"	1693	5
"2013-08-16"	1	"game-01"	1693	137
"2013-08-16"	19	"game-01"	1693	8
"2013-08-16"	0	"game-01"	8297	16
"2013-08-16"	23	"game-01"	8297	48
"2013-08-16"	17	"game-01"	1909	119
"2013-08-16"	16	"game-01"	1909	64
"2013-08-16"	1	"game-01"	7366	3
"2013-08-16"	12	"game-01"	7366	30
"2013-08-16"	0	"game-01"	298	4
"2013-08-16"	14	"game-01"	298	12
"2013-08-16"	12	"game-01"	1149	164
"2013-08-16"	3	"game-01"	1149	218
"2013-08-16"	1	"game-01"	1149	18
"2013-08-16"	23	"game-01"	3410	35
"2013-08-16"	5	"game-01"	3410	20
"2013-08-16"	15	"game-01"	3410	28
"2013-08-16"	0	"game-01"	3410	62
"2013-08-16"	3	"game-01"	3410	67
"2013-08-16"	2	"game-01"	3410	13
"2013-08-16"	14	"game-01"	3410	7
"2013-08-16"	4	"game-01"	3410	84
"2013-08-16"	17	"game-01"	3410	32
"2013-08-16"	6	"game-01"	753	33
"2013-08-16"	4	"game-01"	753	316
"2013-08-16"	5	"game-01"	753	154
"2013-08-16"	23	"game-01"	4213	41
"2013-08-16"	21	"game-01"	4213	164
"2013-08-16"	19	"game-01"	4213	24
"2013-08-16"	18	"game-01"	4213	40
"2013-08-16"	0	"game-01"	4213	20
"2013-08-16"	22	"game-01"	4213	93
"2013-08-16"	4	"game-01"	4213	166
"2013-08-16"	9	"game-01"	4213	47
"2013-08-16"	2	"game-01"	4213	9
"2013-08-16"	1	"game-01"	4213	43
"2013-08-16"	7	"game-01"	4213	61
"2013-08-16"	18	"game-01"	7362	115
"2013-08-16"	17	"game-01"	7362	3
"2013-08-16"	9	"game-01"	8666	6
"2013-08-16"	14	"game-01"	8666	4
"2013-08-16"	10	"game-01"	3744	54
"2013-08-16"	7	"game-01"	608	15
"2013-08-16"	10	"game-01"	608	39
"2013-08-16"	1	"game-01"	608	10
"2013-08-16"	3	"game-01"	608	12
"2013-08-16"	0	"game-01"	608	132
"2013-08-16"	4	"game-01"	608	22
"2013-08-16"	3	"game-01"	4482	42
"2013-08-16"	15	"game-01"	4482	101
"2013-08-16"	23	"game-01"	4482	66
"2013-08-16"	22	"game-01"	5113	134
"2013-08-16"	2	"game-01"	5113	7
"2013-08-16"	6	"game-01"	5113	155
"2013-08-16"	7	"game-01"	5113	3
"2013-08-16"	21	"game-01"	5113	44
"2013-08-16"	23	"game-01"	5113	96
"2013-08-16"	15	"game-01"	1451	21
"2013-08-16"	14	"game-01"	1451	82
"2013-08-16"	6	"game-01"	8071	4
"2013-08-16"	18	"game-01"	5381	5
"2013-08-16"	0	"game-01"	5381	4
"2013-08-16"	2	"game-01"	7452	104
"2013-08-16"	21	"game-01"	3653	134
"2013-08-16"	11	"game-01"	3653	35
"2013-08-16"	5	"game-01"	3653	124
"2013-08-16"	23	"game-01"	3653	229
"2013-08-16"	9	"game-01"	1327	3
"2013-08-16"	5	"game-01"	1299	109
"2013-08-16"	0	"game-01"	1299	47
"2013-08-16"	12	"game-01"	1299	93
"2013-08-16"	23	"game-01"	1299	72
"2013-08-16"	2	"game-01"	1299	37
"2013-08-16"	10	"game-01"	3079	228
"2013-08-16"	16	"game-01"	3079	5
"2013-08-16"	9	"game-01"	3079	14
"2013-08-16"	10	"game-01"	1661	35
"2013-08-16"	11	"game-01"	1661	196
"2013-08-16"	5	"game-01"	4536	47
"2013-08-16"	16	"game-01"	5925	21
"2013-08-16"	22	"game-01"	5925	4
"2013-08-16"	10	"game-01"	5925	36
"2013-08-16"	9	"game-01"	5925	2
"2013-08-16"	7	"game-01"	5925	24
"2013-08-16"	22	"game-01"	8197	162
"2013-08-16"	5	"game-01"	8197	42
"2013-08-16"	2	"game-01"	8197	18
"2013-08-16"	14	"game-01"	8197	7
"2013-08-16"	21	"game-01"	8197	16
"2013-08-16"	12	"game-01"	8197	10
"2013-08-16"	3	"game-01"	8197	74
"2013-08-16"	17	"game-01"	8197	84
"2013-08-16"	11	"game-01"	8197	29
"2013-08-16"	13	"game-01"	8197	33
"2013-08-16"	11	"game-01"	8105	6
"2013-08-16"	3	"game-01"	8105	10
"2013-08-16"	16	"game-01"	8105	106
"2013-08-16"	14	"game-01"	8105	101
"2013-08-16"	15	"game-01"	8105	37
"2013-08-16"	7	"game-01"	3375	4
"2013-08-16"	14	"game-01"	2343	20
"2013-08-16"	12	"game-01"	2343	20
"2013-08-16"	10	"game-01"	2343	46
"2013-08-16"	23	"game-01"	2343	104
"2013-08-16"	3	"game-01"	6984	80
"2013-08-16"	14	"game-01"	6984	95
"2013-08-16"	22	"game-01"	6829	99
"2013-08-16"	8	"game-01"	6829	272
"2013-08-16"	5	"game-01"	6829	63
"2013-08-16"	7	"game-01"	6829	189
"2013-08-16"	1	"game-01"	6829	60
"2013-08-16"	2	"game-01"	6829	26
"2013-08-16"	16	"game-01"	6829	76
"2013-08-16"	4	"game-01"	6829	289
"2013-08-16"	0	"game-01"	6829	36
"2013-08-16"	3	"game-01"	6829	14
"2013-08-16"	9	"game-01"	6829	90
"2013-08-16"	21	"game-01"	6829	93
"2013-08-16"	23	"game-01"	6829	17
"2013-08-16"	6	"game-01"	6829	30
"2013-08-16"	13	"game-01"	6829	12
"2013-08-16"	17	"game-01"	6829	95
"2013-08-16"	19	"game-01"	8095	158
"2013-08-16"	23	"game-01"	8095	7
"2013-08-16"	18	"game-01"	8095	133
"2013-08-16"	15	"game-01"	8483	10
"2013-08-16"	6	"game-01"	8613	1
"2013-08-16"	23	"game-01"	5077	3
"2013-08-16"	22	"game-01"	5077	5
"2013-08-16"	12	"game-01"	6665	138
"2013-08-16"	13	"game-01"	6665	149
"2013-08-16"	17	"game-01"	78	194
"2013-08-16"	19	"game-01"	78	184
"2013-08-16"	23	"game-01"	78	50
"2013-08-16"	21	"game-01"	78	117
"2013-08-16"	18	"game-01"	78	141
"2013-08-16"	9	"game-01"	3893	11
"2013-08-16"	19	"game-01"	6565	154
"2013-08-16"	8	"game-01"	6565	135
"2013-08-16"	21	"game-01"	6565	134
"2013-08-16"	9	"game-01"	2148	3
"2013-08-16"	0	"game-01"	4986	12
"2013-08-16"	4	"game-01"	4986	116
"2013-08-16"	8	"game-01"	4986	139
"2013-08-16"	18	"game-01"	4986	66
"2013-08-16"	22	"game-01"	4986	41
"2013-08-16"	5	"game-01"	4986	67
"2013-08-16"	7	"game-01"	4986	42
"2013-08-16"	19	"game-01"	4986	34
"2013-08-16"	2	"game-01"	8150	15
"2013-08-16"	3	"game-01"	8150	40
"2013-08-16"	16	"game-01"	131	255
"2013-08-16"	17	"game-01"	131	51
"2013-08-16"	0	"game-01"	6789	36
"2013-08-16"	0	"game-01"	9056	2
"2013-08-16"	15	"game-01"	9049	114
"2013-08-16"	14	"game-01"	9049	17
"2013-08-16"	11	"game-01"	3685	6
"2013-08-16"	5	"game-01"	3685	3
"2013-08-16"	2	"game-01"	3685	3
"2013-08-16"	16	"game-01"	7133	25
"2013-08-16"	0	"game-01"	7197	43
"2013-08-16"	6	"game-01"	7197	22
"2013-08-16"	3	"game-01"	7197	62
"2013-08-16"	14	"game-01"	7197	1
"2013-08-16"	11	"game-01"	7197	6
"2013-08-16"	12	"game-01"	7197	4
"2013-08-16"	7	"game-01"	7197	21
"2013-08-16"	22	"game-01"	7197	54
"2013-08-16"	10	"game-01"	7197	26
"2013-08-16"	1	"game-01"	7197	26
"2013-08-16"	2	"game-01"	7197	54
"2013-08-16"	5	"game-01"	7197	51
"2013-08-16"	4	"game-01"	7197	3
"2013-08-16"	23	"game-01"	3723	17
"2013-08-16"	11	"game-01"	8163	11
"2013-08-16"	0	"game-01"	8163	3
"2013-08-16"	16	"game-01"	8265	4
"2013-08-16"	17	"game-01"	6740	6
"2013-08-16"	14	"game-01"	457	47
"2013-08-16"	5	"game-01"	457	24
"2013-08-16"	23	"game-01"	457	247
"2013-08-16"	13	"game-01"	457	304
"2013-08-16"	11	"game-01"	457	8
"2013-08-16"	10	"game-01"	457	4
"2013-08-16"	22	"game-01"	457	326
"2013-08-16"	9	"game-01"	457	24
"2013-08-16"	15	"game-01"	457	39
"2013-08-16"	21	"game-01"	457	153
"2013-08-16"	16	"game-01"	457	41
"2013-08-16"	19	"game-01"	457	3
"2013-08-16"	7	"game-01"	457	17
"2013-08-16"	17	"game-01"	457	7
"2013-08-16"	12	"game-01"	6070	15
"2013-08-16"	14	"game-01"	6070	120
"2013-08-16"	1	"game-01"	6070	12
"2013-08-16"	11	"game-01"	6070	61
"2013-08-16"	7	"game-01"	6070	3
"2013-08-16"	3	"game-01"	6070	13
"2013-08-16"	22	"game-01"	9994	25
"2013-08-16"	1	"game-01"	9994	31
"2013-08-16"	12	"game-01"	144	8
"2013-08-16"	11	"game-01"	144	119
"2013-08-16"	12	"game-01"	9572	5
"2013-08-16"	12	"game-01"	5706	27
"2013-08-16"	10	"game-01"	7259	156
"2013-08-16"	16	"game-01"	6947	6
"2013-08-16"	9	"game-01"	1785	29
"2013-08-16"	11	"game-01"	1785	8
"2013-08-16"	7	"game-01"	1785	42
"2013-08-16"	8	"game-01"	1785	36
"2013-08-16"	4	"game-01"	1785	2
"2013-08-16"	10	"game-01"	1785	59
"2013-08-16"	12	"game-01"	1785	52
"2013-08-16"	23	"game-01"	1785	103
"2013-08-16"	14	"game-01"	224	31
"2013-08-16"	1	"game-01"	2488	55
"2013-08-16"	15	"game-01"	2488	31
"2013-08-16"	16	"game-01"	2488	3
"2013-08-16"	6	"game-01"	2488	21
"2013-08-16"	7	"game-01"	2488	36
"2013-08-16"	19	"game-01"	2488	7
"2013-08-16"	2	"game-01"	1605	179
"2013-08-16"	1	"game-01"	1605	164
"2013-08-16"	21	"game-01"	1605	31
"2013-08-16"	22	"game-01"	1605	217
"2013-08-16"	13	"game-01"	1605	264
"2013-08-16"	0	"game-01"	1605	166
"2013-08-16"	5	"game-01"	1605	169
"2013-08-16"	11	"game-01"	1605	162
"2013-08-16"	7	"game-01"	1605	136
"2013-08-16"	9	"game-01"	1605	42
"2013-08-16"	10	"game-01"	1605	176
"2013-08-16"	12	"game-01"	1605	222
"2013-08-16"	3	"game-01"	1605	62
"2013-08-16"	14	"game-01"	4721	146
"2013-08-16"	9	"game-01"	4721	83
"2013-08-16"	17	"game-01"	4721	93
"2013-08-16"	10	"game-01"	4721	225
"2013-08-16"	11	"game-01"	4721	74
"2013-08-16"	0	"game-01"	170	46
"2013-08-16"	1	"game-01"	170	17
"2013-08-16"	13	"game-01"	170	17
"2013-08-16"	22	"game-01"	170	5
"2013-08-16"	11	"game-01"	170	7
"2013-08-16"	23	"game-01"	170	4
"2013-08-16"	8	"game-01"	170	52
"2013-08-16"	12	"game-01"	170	47
"2013-08-16"	10	"game-01"	170	200
"2013-08-16"	10	"game-01"	9763	5
"2013-08-16"	0	"game-01"	4839	21
"2013-08-16"	9	"game-01"	4839	38
"2013-08-16"	14	"game-01"	1025	13
"2013-08-16"	22	"game-01"	1025	36
"2013-08-16"	23	"game-01"	1025	21
"2013-08-16"	2	"game-01"	3076	5
"2013-08-16"	0	"game-01"	7977	305
"2013-08-16"	1	"game-01"	7977	45
"2013-08-16"	19	"game-01"	7977	126
"2013-08-16"	23	"game-01"	7977	227
"2013-08-16"	8	"game-01"	7977	9
"2013-08-16"	7	"game-01"	7977	102
"2013-08-16"	18	"game-01"	7977	96
"2013-08-16"	13	"game-01"	2742	94
"2013-08-16"	12	"game-01"	2742	136
"2013-08-16"	14	"game-01"	2742	59
"2013-08-16"	5	"game-01"	2742	26
"2013-08-16"	23	"game-01"	2742	48
"2013-08-16"	14	"game-01"	7299	144
"2013-08-16"	10	"game-01"	7299	24
"2013-08-16"	11	"game-01"	7299	142
"2013-08-16"	15	"game-01"	7299	49
"2013-08-16"	13	"game-01"	9966	12
"2013-08-16"	19	"game-01"	9966	158
"2013-08-16"	16	"game-01"	9966	20
"2013-08-16"	16	"game-01"	5101	4
"2013-08-16"	9	"game-01"	2104	50
"2013-08-16"	14	"game-01"	2104	154
"2013-08-16"	8	"game-01"	2104	9
"2013-08-16"	16	"game-01"	6861	22
"2013-08-16"	0	"game-01"	7206	5
"2013-08-16"	19	"game-01"	3179	13
"2013-08-16"	12	"game-01"	8907	13
"2013-08-16"	21	"game-01"	8907	70
"2013-08-16"	6	"game-01"	3409	7
"2013-08-16"	1	"game-01"	6339	5
"2013-08-16"	16	"game-01"	5293	4
"2013-08-16"	13	"game-01"	3196	16
"2013-08-16"	14	"game-01"	3196	48
"2013-08-16"	18	"game-01"	3196	68
"2013-08-16"	21	"game-01"	3196	3
"2013-08-16"	10	"game-01"	3196	48
"2013-08-16"	23	"game-01"	3196	161
"2013-08-16"	15	"game-01"	3196	81
"2013-08-16"	7	"game-01"	3196	58
"2013-08-16"	8	"game-01"	3196	44
"2013-08-16"	22	"game-01"	3196	131
"2013-08-16"	16	"game-01"	2266	4
"2013-08-16"	23	"game-01"	7756	26
"2013-08-16"	3	"game-01"	7756	8
"2013-08-16"	22	"game-01"	7756	60
"2013-08-16"	6	"game-01"	7756	51
"2013-08-16"	18	"game-01"	7756	128
"2013-08-16"	2	"game-01"	7756	38
"2013-08-16"	19	"game-01"	7756	41
"2013-08-16"	14	"game-01"	5352	23
"2013-08-16"	19	"game-01"	5352	128
"2013-08-16"	18	"game-01"	5352	128
"2013-08-16"	6	"game-01"	5352	71
"2013-08-16"	22	"game-01"	5352	121
"2013-08-16"	23	"game-01"	5352	61
"2013-08-16"	15	"game-01"	7667	50
"2013-08-16"	16	"game-01"	7667	364
"2013-08-16"	12	"game-01"	4309	116
"2013-08-16"	13	"game-01"	4309	28
"2013-08-16"	16	"game-01"	8334	2
"2013-08-16"	17	"game-01"	8334	1
"2013-08-16"	8	"game-01"	1416	1
"2013-08-16"	11	"game-01"	6203	4
"2013-08-16"	9	"game-01"	8759	36
"2013-08-16"	5	"game-01"	8759	46
"2013-08-16"	19	"game-01"	8759	44
"2013-08-16"	23	"game-01"	8759	211
"2013-08-16"	2	"game-01"	8759	121
"2013-08-16"	10	"game-01"	8759	96
"2013-08-16"	8	"game-01"	8759	12
"2013-08-16"	22	"game-01"	8759	117
"2013-08-16"	6	"game-01"	8759	45
"2013-08-16"	18	"game-01"	8759	193
"2013-08-16"	10	"game-01"	1109	93
"2013-08-16"	22	"game-01"	1109	92
"2013-08-16"	11	"game-01"	1109	52
"2013-08-16"	21	"game-01"	1109	45
"2013-08-16"	12	"game-01"	2411	30
"2013-08-16"	2	"game-01"	8807	19
"2013-08-16"	23	"game-01"	1307	9
"2013-08-16"	9	"game-01"	4605	28
"2013-08-16"	6	"game-01"	3701	120
"2013-08-16"	8	"game-01"	3701	390
"2013-08-16"	7	"game-01"	3701	167
"2013-08-16"	0	"game-01"	3455	11
"2013-08-16"	21	"game-01"	3455	56
"2013-08-16"	6	"game-01"	5226	29
"2013-08-16"	17	"game-01"	5226	46
"2013-08-16"	3	"game-01"	5226	19
"2013-08-16"	16	"game-01"	4707	192
"2013-08-16"	1	"game-01"	4707	157
"2013-08-16"	0	"game-01"	4707	60
"2013-08-16"	13	"game-01"	4707	91
"2013-08-16"	8	"game-01"	4707	41
"2013-08-16"	18	"game-01"	4707	1
"2013-08-16"	14	"game-01"	4707	128
"2013-08-16"	2	"game-01"	4707	6
"2013-08-16"	12	"game-01"	4707	50
"2013-08-16"	5	"game-01"	4707	1
"2013-08-16"	9	"game-01"	4707	469
"2013-08-16"	7	"game-01"	4707	129
"2013-08-16"	11	"game-01"	6950	19
"2013-08-16"	23	"game-01"	6950	10
"2013-08-16"	21	"game-01"	6950	108
"2013-08-16"	7	"game-01"	6950	160
"2013-08-16"	22	"game-01"	6950	147
"2013-08-16"	12	"game-01"	6950	46
"2013-08-16"	10	"game-01"	6950	44
"2013-08-16"	16	"game-01"	2364	2
"2013-08-16"	4	"game-01"	5664	64
"2013-08-16"	5	"game-01"	5664	52
"2013-08-16"	15	"game-01"	5664	107
"2013-08-16"	22	"game-01"	5664	192
"2013-08-16"	21	"game-01"	5664	37
"2013-08-16"	6	"game-01"	5664	15
"2013-08-16"	8	"game-01"	1906	93
"2013-08-16"	9	"game-01"	1906	18
"2013-08-16"	16	"game-01"	2190	4
"2013-08-16"	14	"game-01"	528	10
"2013-08-16"	16	"game-01"	528	15
"2013-08-16"	3	"game-01"	1942	22
"2013-08-16"	2	"game-01"	1942	50
"2013-08-16"	2	"game-01"	6178	28
"2013-08-16"	0	"game-01"	5801	109
"2013-08-16"	13	"game-01"	5801	160
"2013-08-16"	11	"game-01"	5801	95
"2013-08-16"	1	"game-01"	5801	108
"2013-08-16"	18	"game-01"	5801	93
"2013-08-16"	12	"game-01"	5801	82
"2013-08-16"	21	"game-01"	5801	92
"2013-08-16"	8	"game-01"	5801	41
"2013-08-16"	6	"game-01"	5801	25
"2013-08-16"	19	"game-01"	5801	130
"2013-08-16"	5	"game-01"	5801	58
"2013-08-16"	22	"game-01"	5801	97
"2013-08-16"	23	"game-01"	5801	246
"2013-08-16"	10	"game-01"	5801	14
"2013-08-16"	9	"game-01"	5801	66
"2013-08-16"	2	"game-01"	5801	354
"2013-08-16"	3	"game-01"	5801	41
"2013-08-16"	5	"game-01"	4742	49
"2013-08-16"	4	"game-01"	4742	106
"2013-08-16"	11	"game-01"	4544	180
"2013-08-16"	10	"game-01"	4544	259
"2013-08-16"	12	"game-01"	4544	56
"2013-08-16"	7	"game-01"	4544	10
"2013-08-16"	6	"game-01"	4544	194
"2013-08-16"	0	"game-01"	4755	56
"2013-08-16"	2	"game-01"	4755	15
"2013-08-16"	15	"game-01"	4755	68
"2013-08-16"	3	"game-01"	4755	29
"2013-08-16"	22	"game-01"	9890	206
"2013-08-16"	2	"game-01"	9890	42
"2013-08-16"	2	"game-01"	7270	43
"2013-08-16"	10	"game-01"	7270	19
"2013-08-16"	3	"game-01"	979	23
"2013-08-16"	13	"game-01"	979	4
"2013-08-16"	14	"game-01"	9996	16
"2013-08-16"	0	"game-01"	8815	31
"2013-08-16"	2	"game-01"	531	1
"2013-08-16"	10	"game-01"	685	471
"2013-08-16"	19	"game-01"	685	151
"2013-08-16"	5	"game-01"	685	29
"2013-08-16"	23	"game-01"	685	38
"2013-08-16"	15	"game-01"	685	19
"2013-08-16"	11	"game-01"	685	14
"2013-08-16"	9	"game-01"	685	374
"2013-08-16"	4	"game-01"	685	8
"2013-08-16"	22	"game-01"	685	238
"2013-08-16"	3	"game-01"	685	80
"2013-08-16"	18	"game-01"	685	80
"2013-08-16"	13	"game-01"	1475	42
"2013-08-16"	1	"game-01"	1475	36
"2013-08-16"	14	"game-01"	1475	113
"2013-08-16"	11	"game-01"	1475	97
"2013-08-16"	7	"game-01"	1475	142
"2013-08-16"	22	"game-01"	1475	3
"2013-08-16"	5	"game-01"	1475	50
"2013-08-16"	18	"game-01"	1475	73
"2013-08-16"	9	"game-01"	7030	29
"2013-08-16"	1	"game-01"	7030	31
"2013-08-16"	5	"game-01"	7030	23
"2013-08-16"	12	"game-01"	7030	74
"2013-08-16"	21	"game-01"	7030	14
"2013-08-16"	17	"game-01"	5073	54
"2013-08-16"	16	"game-01"	5073	48
"2013-08-16"	2	"game-01"	4434	3
"2013-08-16"	10	"game-01"	4434	141
"2013-08-16"	22	"game-01"	4434	115
"2013-08-16"	23	"game-01"	4434	92
"2013-08-16"	11	"game-01"	7819	65
"2013-08-16"	3	"game-01"	6264	56
"2013-08-16"	12	"game-01"	9149	3
"2013-08-16"	10	"game-01"	9439	346
"2013-08-16"	15	"game-01"	9439	73
"2013-08-16"	12	"game-01"	9439	1
"2013-08-16"	18	"game-01"	9439	70
"2013-08-16"	23	"game-01"	9439	11
"2013-08-16"	5	"game-01"	9439	8
"2013-08-16"	4	"game-01"	9439	96
"2013-08-16"	16	"game-01"	4745	3
"2013-08-16"	1	"game-01"	1550	64
"2013-08-16"	0	"game-01"	1550	183
"2013-08-16"	4	"game-01"	1550	40
"2013-08-16"	3	"game-01"	1550	17
"2013-08-16"	6	"game-01"	1550	119
"2013-08-16"	1	"game-01"	9776	12
"2013-08-16"	16	"game-01"	2428	1
"2013-08-16"	2	"game-01"	3043	152
"2013-08-16"	3	"game-01"	3043	62
"2013-08-16"	18	"game-01"	7142	3
"2013-08-16"	5	"game-01"	7142	14
"2013-08-16"	15	"game-01"	1027	3
"2013-08-16"	0	"game-01"	4570	97
"2013-08-16"	21	"game-01"	4570	33
"2013-08-16"	22	"game-01"	4570	129
"2013-08-16"	23	"game-01"	9028	70
"2013-08-16"	21	"game-01"	9028	269
"2013-08-16"	13	"game-01"	9028	100
"2013-08-16"	12	"game-01"	9028	141
"2013-08-16"	15	"game-01"	8546	89
"2013-08-16"	13	"game-01"	8546	7
"2013-08-16"	3	"game-01"	8546	116
"2013-08-16"	8	"game-01"	8546	15
"2013-08-16"	21	"game-01"	8546	48
"2013-08-16"	14	"game-01"	8546	30
"2013-08-16"	12	"game-01"	8546	9
"2013-08-16"	4	"game-01"	8546	5
"2013-08-16"	10	"game-01"	8546	38
"2013-08-16"	7	"game-01"	8546	11
"2013-08-16"	1	"game-01"	8546	20
"2013-08-16"	5	"game-01"	8546	58
"2013-08-16"	0	"game-01"	8546	71
"2013-08-16"	6	"game-01"	8546	47
"2013-08-16"	11	"game-01"	8546	4
"2013-08-16"	0	"game-01"	4869	68
"2013-08-16"	3	"game-01"	4869	15
"2013-08-16"	4	"game-01"	4869	14
"2013-08-16"	11	"game-01"	1584	9
"2013-08-16"	11	"game-01"	6921	19
"2013-08-16"	1	"game-01"	1131	22
"2013-08-16"	0	"game-01"	1131	132
"2013-08-16"	9	"game-01"	1131	15
"2013-08-16"	13	"game-01"	1131	33
"2013-08-16"	17	"game-01"	1131	55
"2013-08-16"	18	"game-01"	1131	13
"2013-08-16"	12	"game-01"	1131	5
"2013-08-16"	16	"game-01"	3396	4
"2013-08-16"	23	"game-01"	3396	6
"2013-08-16"	16	"game-01"	46	2
"2013-08-16"	4	"game-01"	1773	480
"2013-08-16"	3	"game-01"	1773	76
"2013-08-16"	23	"game-01"	1773	85
"2013-08-16"	14	"game-01"	1773	69
"2013-08-16"	17	"game-01"	1773	113
"2013-08-16"	9	"game-01"	1773	5
"2013-08-16"	5	"game-01"	1773	435
"2013-08-16"	18	"game-01"	1773	114
"2013-08-16"	4	"game-01"	3313	3
"2013-08-16"	1	"game-01"	3313	7
"2013-08-16"	11	"game-01"	7983	176
"2013-08-16"	10	"game-01"	7983	47
"2013-08-16"	22	"game-01"	7983	24
"2013-08-16"	8	"game-01"	7983	33
"2013-08-16"	1	"game-01"	7983	136
"2013-08-16"	2	"game-01"	7983	1
"2013-08-16"	16	"game-01"	7983	29
"2013-08-16"	19	"game-01"	8060	136
"2013-08-16"	8	"game-01"	7918	22
"2013-08-16"	10	"game-01"	7918	195
"2013-08-16"	12	"game-01"	7918	68
"2013-08-16"	9	"game-01"	7918	240
"2013-08-16"	21	"game-01"	3251	2
"2013-08-16"	23	"game-01"	5024	72
"2013-08-16"	9	"game-01"	5024	294
"2013-08-16"	10	"game-01"	5024	7
"2013-08-16"	9	"game-01"	9326	102
"2013-08-16"	23	"game-01"	400	1
"2013-08-16"	4	"game-01"	7465	3
"2013-08-16"	0	"game-01"	1930	4
"2013-08-16"	12	"game-01"	1930	10
"2013-08-16"	4	"game-01"	1930	67
"2013-08-16"	8	"game-01"	317	44
"2013-08-16"	9	"game-01"	317	43
"2013-08-16"	23	"game-01"	317	9
"2013-08-16"	10	"game-01"	317	4
"2013-08-16"	5	"game-01"	1138	238
"2013-08-16"	4	"game-01"	1138	155
"2013-08-16"	3	"game-01"	1138	114
"2013-08-16"	14	"game-01"	6122	1
"2013-08-16"	0	"game-01"	3163	4
"2013-08-16"	1	"game-01"	6711	31
"2013-08-16"	1	"game-01"	7834	95
"2013-08-16"	5	"game-01"	7834	15
"2013-08-16"	19	"game-01"	7834	26
"2013-08-16"	9	"game-01"	7834	70
"2013-08-16"	0	"game-01"	7834	6
"2013-08-16"	10	"game-01"	7834	54
"2013-08-16"	12	"game-01"	7834	75
"2013-08-16"	2	"game-01"	7834	10
"2013-08-16"	7	"game-01"	7834	2
"2013-08-16"	1	"game-01"	6073	6
"2013-08-16"	13	"game-01"	6073	28
"2013-08-16"	9	"game-01"	6073	5
"2013-08-16"	12	"game-01"	6073	12
"2013-08-16"	22	"game-01"	6073	30
"2013-08-16"	0	"game-01"	6073	42
"2013-08-16"	21	"game-01"	6073	43
"2013-08-16"	14	"game-01"	6073	13
"2013-08-16"	2	"game-01"	6073	9
"2013-08-16"	7	"game-01"	6073	74
"2013-08-16"	6	"game-01"	6073	28
"2013-08-16"	9	"game-01"	8737	26
"2013-08-16"	23	"game-01"	5081	117
"2013-08-16"	4	"game-01"	5081	83
"2013-08-16"	6	"game-01"	4053	5
"2013-08-16"	2	"game-01"	4053	132
"2013-08-16"	10	"game-01"	9778	53
"2013-08-16"	2	"game-01"	9778	17
"2013-08-16"	13	"game-01"	9778	173
"2013-08-16"	11	"game-01"	9778	143
"2013-08-16"	18	"game-01"	6608	81
"2013-08-16"	9	"game-01"	4989	130
"2013-08-16"	17	"game-01"	4989	46
"2013-08-16"	2	"game-01"	4989	87
"2013-08-16"	3	"game-01"	414	187
"2013-08-16"	2	"game-01"	414	7
"2013-08-16"	13	"game-01"	3299	6
"2013-08-16"	12	"game-01"	3299	29
"2013-08-16"	3	"game-01"	9427	5
"2013-08-16"	12	"game-01"	3524	19
"2013-08-16"	23	"game-01"	2496	3
"2013-08-16"	1	"game-01"	9960	3
"2013-08-16"	13	"game-01"	9960	22
"2013-08-16"	6	"game-01"	9960	11
"2013-08-16"	23	"game-01"	9960	15
"2013-08-16"	11	"game-01"	9960	60
"2013-08-16"	15	"game-01"	7060	5
"2013-08-16"	15	"game-01"	7154	26
"2013-08-16"	0	"game-01"	7154	154
"2013-08-16"	14	"game-01"	3961	4
"2013-08-16"	8	"game-01"	3758	3
"2013-08-16"	9	"game-01"	3758	3
"2013-08-16"	9	"game-01"	7562	6
"2013-08-16"	12	"game-01"	995	34
"2013-08-16"	12	"game-01"	5585	92
"2013-08-16"	4	"game-01"	5585	102
"2013-08-16"	22	"game-01"	5585	40
"2013-08-16"	0	"game-01"	8514	64
"2013-08-16"	11	"game-01"	3610	3
"2013-08-16"	12	"game-01"	7158	37
"2013-08-16"	6	"game-01"	7403	3
"2013-08-16"	11	"game-01"	8475	59
"2013-08-16"	0	"game-01"	8475	4
"2013-08-16"	4	"game-01"	8313	3
"2013-08-16"	2	"game-01"	6900	265
"2013-08-16"	5	"game-01"	6900	52
"2013-08-16"	4	"game-01"	6900	40
"2013-08-16"	9	"game-01"	6900	41
"2013-08-16"	3	"game-01"	6900	147
"2013-08-16"	21	"game-01"	6900	130
"2013-08-16"	1	"game-01"	7017	189
"2013-08-16"	17	"game-01"	7017	30
"2013-08-16"	19	"game-01"	7017	34
"2013-08-16"	6	"game-01"	7017	9
"2013-08-16"	12	"game-01"	7017	154
"2013-08-16"	0	"game-01"	7017	61
"2013-08-16"	14	"game-01"	7017	14
"2013-08-16"	17	"game-01"	7508	5
"2013-08-16"	10	"game-01"	7508	85
"2013-08-16"	16	"game-01"	7508	18
"2013-08-16"	21	"game-01"	833	5
"2013-08-16"	16	"game-01"	833	20
"2013-08-16"	12	"game-01"	833	36
"2013-08-16"	13	"game-01"	833	9
"2013-08-16"	8	"game-01"	2940	80
"2013-08-16"	7	"game-01"	2940	43
"2013-08-16"	17	"game-01"	2940	82
"2013-08-16"	22	"game-01"	2940	9
"2013-08-16"	23	"game-01"	2940	70
"2013-08-16"	4	"game-01"	6395	66
"2013-08-16"	9	"game-01"	6395	1
"2013-08-16"	15	"game-01"	2215	79
"2013-08-16"	13	"game-01"	2215	127
"2013-08-16"	1	"game-01"	2215	202
"2013-08-16"	14	"game-01"	2215	97
"2013-08-16"	9	"game-01"	2215	9
"2013-08-16"	2	"game-01"	2215	250
"2013-08-16"	7	"game-01"	2215	48
"2013-08-16"	16	"game-01"	2215	252
"2013-08-16"	12	"game-01"	2215	83
"2013-08-16"	5	"game-01"	2215	129
"2013-08-16"	6	"game-01"	2215	151
"2013-08-16"	10	"game-01"	2215	178
"2013-08-16"	11	"game-01"	2215	130
"2013-08-16"	16	"game-01"	3011	5
"2013-08-16"	13	"game-01"	5331	90
"2013-08-16"	12	"game-01"	5331	376
"2013-08-16"	11	"game-01"	5331	90
"2013-08-16"	13	"game-01"	1219	38
"2013-08-16"	22	"game-01"	1219	12
"2013-08-16"	1	"game-01"	1219	63
"2013-08-16"	14	"game-01"	1219	37
"2013-08-16"	8	"game-01"	1219	76
"2013-08-16"	10	"game-01"	1219	62
"2013-08-16"	23	"game-01"	1219	123
"2013-08-16"	11	"game-01"	1219	27
"2013-08-16"	9	"game-01"	1219	19
"2013-08-16"	2	"game-01"	450	35
"2013-08-16"	10	"game-01"	450	14
"2013-08-16"	12	"game-01"	7832	89
"2013-08-16"	1	"game-01"	1724	50
"2013-08-16"	2	"game-01"	1724	83
"2013-08-16"	3	"game-01"	6887	49
"2013-08-16"	13	"game-01"	1096	28
"2013-08-16"	10	"game-01"	1096	38
"2013-08-16"	0	"game-01"	1096	6
"2013-08-16"	2	"game-01"	1096	28
"2013-08-16"	11	"game-01"	1096	29
"2013-08-16"	9	"game-01"	1096	86
"2013-08-16"	22	"game-01"	9025	37
"2013-08-16"	10	"game-01"	9025	7
"2013-08-16"	3	"game-01"	398	26
"2013-08-16"	8	"game-01"	5906	74
"2013-08-16"	17	"game-01"	5906	100
"2013-08-16"	18	"game-01"	5906	31
"2013-08-16"	21	"game-01"	9982	4
"2013-08-16"	16	"game-01"	9452	3
"2013-08-16"	13	"game-01"	6556	3
"2013-08-16"	5	"game-01"	2180	11
"2013-08-16"	1	"game-01"	8701	73
"2013-08-16"	11	"game-01"	8701	87
"2013-08-16"	22	"game-01"	8151	3
"2013-08-16"	16	"game-01"	8585	4
"2013-08-16"	17	"game-01"	8022	5
"2013-08-16"	1	"game-01"	3510	17
"2013-08-16"	0	"game-01"	3510	13
"2013-08-16"	8	"game-01"	3510	29
"2013-08-16"	2	"game-01"	3510	49
"2013-08-16"	6	"game-01"	3510	30
"2013-08-16"	11	"game-01"	6149	221
"2013-08-16"	1	"game-01"	8059	97
"2013-08-16"	15	"game-01"	8059	223
"2013-08-16"	0	"game-01"	8059	126
"2013-08-16"	16	"game-01"	8059	168
"2013-08-16"	2	"game-01"	8059	106
"2013-08-16"	6	"game-01"	8059	299
"2013-08-16"	3	"game-01"	8059	50
"2013-08-16"	14	"game-01"	8059	301
"2013-08-16"	10	"game-01"	8059	154
"2013-08-16"	8	"game-01"	8059	52
"2013-08-16"	13	"game-01"	8059	374
"2013-08-16"	7	"game-01"	8059	34
"2013-08-16"	23	"game-01"	8059	268
"2013-08-16"	12	"game-01"	8059	220
"2013-08-16"	9	"game-01"	8059	31
"2013-08-16"	11	"game-01"	8059	242
"2013-08-16"	6	"game-01"	97	59
"2013-08-16"	1	"game-01"	2031	6
"2013-08-16"	2	"game-01"	2031	3
"2013-08-16"	0	"game-01"	2031	40
"2013-08-16"	8	"game-01"	2031	64
"2013-08-16"	22	"game-01"	2031	3
"2013-08-16"	13	"game-01"	2031	8
"2013-08-16"	23	"game-01"	2031	22
"2013-08-16"	12	"game-01"	2031	87
"2013-08-16"	19	"game-01"	2031	133
"2013-08-16"	21	"game-01"	2031	181
"2013-08-16"	4	"game-01"	325	60
"2013-08-16"	2	"game-01"	325	11
"2013-08-16"	22	"game-01"	8077	4
"2013-08-16"	8	"game-01"	9514	3
"2013-08-16"	7	"game-01"	9514	141
"2013-08-16"	9	"game-01"	9514	59
"2013-08-16"	6	"game-01"	9514	20
"2013-08-16"	23	"game-01"	2196	41
"2013-08-16"	22	"game-01"	2196	127
"2013-08-16"	10	"game-01"	2196	62
"2013-08-16"	7	"game-01"	2196	29
"2013-08-16"	17	"game-01"	2196	23
"2013-08-16"	8	"game-01"	2196	27
"2013-08-16"	11	"game-01"	2196	15
"2013-08-16"	14	"game-01"	2196	39
"2013-08-16"	21	"game-01"	2196	22
"2013-08-16"	9	"game-01"	2196	10
"2013-08-16"	13	"game-01"	2196	31
"2013-08-16"	12	"game-01"	2196	40
"2013-08-16"	12	"game-01"	6222	19
"2013-08-16"	0	"game-01"	994	3
"2013-08-16"	8	"game-01"	4209	93
"2013-08-16"	11	"game-01"	4209	29
"2013-08-16"	1	"game-01"	4209	32
"2013-08-16"	10	"game-01"	4209	112
"2013-08-16"	0	"game-01"	4209	264
"2013-08-16"	3	"game-01"	4209	4
"2013-08-16"	9	"game-01"	4209	36
"2013-08-16"	18	"game-01"	937	10
"2013-08-16"	17	"game-01"	937	61
"2013-08-16"	15	"game-01"	937	20
"2013-08-16"	4	"game-01"	6284	5
"2013-08-16"	1	"game-01"	4994	2
"2013-08-16"	17	"game-01"	1882	1
"2013-08-16"	1	"game-01"	7085	54
"2013-08-16"	2	"game-01"	7085	54
"2013-08-16"	11	"game-01"	7085	234
"2013-08-16"	13	"game-01"	7085	16
"2013-08-16"	12	"game-01"	7085	51
"2013-08-16"	22	"game-01"	7085	26
"2013-08-16"	0	"game-01"	7085	61
"2013-08-16"	3	"game-01"	7085	76
"2013-08-16"	17	"game-01"	8415	5
"2013-08-16"	16	"game-01"	8415	49
"2013-08-16"	23	"game-01"	3193	9
"2013-08-16"	0	"game-01"	142	38
"2013-08-16"	4	"game-01"	142	54
"2013-08-16"	1	"game-01"	142	29
"2013-08-16"	10	"game-01"	960	40
"2013-08-16"	3	"game-01"	5791	20
"2013-08-16"	9	"game-01"	5858	36
"2013-08-16"	5	"game-01"	3704	14
"2013-08-16"	16	"game-01"	1466	167
"2013-08-16"	11	"game-01"	1466	70
"2013-08-16"	2	"game-01"	1466	23
"2013-08-16"	8	"game-01"	1466	5
"2013-08-16"	1	"game-01"	1466	30
"2013-08-16"	13	"game-01"	1466	89
"2013-08-16"	15	"game-01"	1466	43
"2013-08-16"	17	"game-01"	1466	96
"2013-08-16"	9	"game-01"	1466	54
"2013-08-16"	10	"game-01"	1466	131
"2013-08-16"	0	"game-01"	1466	118
"2013-08-16"	11	"game-01"	5276	8
"2013-08-16"	2	"game-01"	5276	108
"2013-08-16"	3	"game-01"	5276	5
"2013-08-16"	7	"game-01"	5603	104
"2013-08-16"	22	"game-01"	6536	3
"2013-08-16"	12	"game-01"	5818	48
"2013-08-16"	14	"game-01"	5818	5
"2013-08-16"	10	"game-01"	5818	18
"2013-08-16"	13	"game-01"	5818	93
"2013-08-16"	15	"game-01"	5818	8
"2013-08-16"	22	"game-01"	5818	167
"2013-08-16"	23	"game-01"	5818	54
"2013-08-16"	21	"game-01"	5818	43
"2013-08-16"	0	"game-01"	5818	85
"2013-08-16"	23	"game-01"	7943	48
"2013-08-16"	8	"game-01"	586	81
"2013-08-16"	5	"game-01"	586	93
"2013-08-16"	21	"game-01"	586	74
"2013-08-16"	6	"game-01"	586	43
"2013-08-16"	12	"game-01"	586	79
"2013-08-16"	4	"game-01"	586	47
"2013-08-16"	12	"game-01"	3909	236
"2013-08-16"	14	"game-01"	3909	127
"2013-08-16"	13	"game-01"	3909	197
"2013-08-16"	6	"game-01"	3656	57
"2013-08-16"	5	"game-01"	3974	20
"2013-08-16"	15	"game-01"	3974	14
"2013-08-16"	0	"game-01"	7137	12
"2013-08-16"	16	"game-01"	9802	2
"2013-08-16"	21	"game-01"	9532	34
"2013-08-16"	17	"game-01"	1187	62
"2013-08-16"	16	"game-01"	4827	4
"2013-08-16"	18	"game-01"	510	18
"2013-08-16"	17	"game-01"	510	63
"2013-08-16"	17	"game-01"	413	30
"2013-08-16"	18	"game-01"	413	112
"2013-08-16"	1	"game-01"	413	59
"2013-08-16"	21	"game-01"	413	48
"2013-08-16"	16	"game-01"	413	8
"2013-08-16"	0	"game-01"	413	256
"2013-08-16"	19	"game-01"	413	86
"2013-08-16"	7	"game-01"	1907	98
"2013-08-16"	5	"game-01"	1907	67
"2013-08-16"	23	"game-01"	1907	28
"2013-08-16"	2	"game-01"	1907	63
"2013-08-16"	1	"game-01"	1907	13
"2013-08-16"	10	"game-01"	1907	44
"2013-08-16"	6	"game-01"	1907	384
"2013-08-16"	11	"game-01"	1907	35
"2013-08-16"	0	"game-01"	1907	285
"2013-08-16"	4	"game-01"	1907	16
"2013-08-16"	9	"game-01"	1907	103
"2013-08-16"	0	"game-01"	9186	63
"2013-08-16"	13	"game-01"	2534	1
"2013-08-16"	14	"game-01"	5958	125
"2013-08-16"	12	"game-01"	5958	138
"2013-08-16"	13	"game-01"	5958	52
"2013-08-16"	11	"game-01"	5958	34
"2013-08-16"	21	"game-01"	5958	17
"2013-08-16"	15	"game-01"	5958	172
"2013-08-16"	5	"game-01"	9785	4
"2013-08-16"	21	"game-01"	9437	2
"2013-08-16"	5	"game-01"	8227	4
"2013-08-16"	6	"game-01"	8227	8
"2013-08-16"	15	"game-01"	2526	27
"2013-08-16"	11	"game-01"	186	57
"2013-08-16"	0	"game-01"	2298	156
"2013-08-16"	3	"game-01"	8612	54
"2013-08-16"	16	"game-01"	8612	1
"2013-08-16"	23	"game-01"	7671	1
"2013-08-16"	16	"game-01"	4885	1
"2013-08-16"	11	"game-01"	4557	2
"2013-08-16"	0	"game-01"	7514	5
"2013-08-16"	4	"game-01"	5962	97
"2013-08-16"	3	"game-01"	5962	161
"2013-08-16"	6	"game-01"	5962	175
"2013-08-16"	9	"game-01"	5962	150
"2013-08-16"	14	"game-01"	5962	9
"2013-08-16"	7	"game-01"	5962	185
"2013-08-16"	8	"game-01"	5962	92
"2013-08-16"	6	"game-01"	1229	9
"2013-08-16"	3	"game-01"	1088	262
"2013-08-16"	19	"game-01"	1088	15
"2013-08-16"	9	"game-01"	1088	143
"2013-08-16"	2	"game-01"	1088	13
"2013-08-16"	4	"game-01"	1088	23
"2013-08-16"	8	"game-01"	1088	87
"2013-08-16"	5	"game-01"	1088	5
"2013-08-16"	0	"game-01"	7600	42
"2013-08-16"	0	"game-01"	7896	2
"2013-08-16"	1	"game-01"	5963	233
"2013-08-16"	8	"game-01"	5963	13
"2013-08-16"	14	"game-01"	5963	11
"2013-08-16"	6	"game-01"	5963	6
"2013-08-16"	0	"game-01"	5963	101
"2013-08-16"	23	"game-01"	5963	12
"2013-08-16"	2	"game-01"	5963	99
"2013-08-16"	7	"game-01"	5963	310
"2013-08-16"	1	"game-01"	7712	233
"2013-08-16"	1	"game-01"	6632	32
"2013-08-16"	1	"game-01"	9767	12
"2013-08-16"	2	"game-01"	2501	20
"2013-08-16"	14	"game-01"	9245	75
"2013-08-16"	11	"game-01"	9245	215
"2013-08-16"	6	"game-01"	9245	185
"2013-08-16"	5	"game-01"	9245	141
"2013-08-16"	2	"game-01"	9245	45
"2013-08-16"	8	"game-01"	9245	301
"2013-08-16"	10	"game-01"	9245	95
"2013-08-16"	13	"game-01"	9245	77
"2013-08-16"	12	"game-01"	9245	163
"2013-08-16"	2	"game-01"	473	8
"2013-08-16"	3	"game-01"	473	52
"2013-08-16"	3	"game-01"	6445	2
"2013-08-16"	3	"game-01"	1618	6
"2013-08-16"	4	"game-01"	9018	16
"2013-08-16"	4	"game-01"	7062	16
"2013-08-16"	5	"game-01"	9154	137
"2013-08-16"	6	"game-01"	9154	56
"2013-08-16"	4	"game-01"	9154	9
"2013-08-16"	10	"game-01"	2829	215
"2013-08-16"	9	"game-01"	2829	18
"2013-08-16"	16	"game-01"	2829	2
"2013-08-16"	15	"game-01"	2829	74
"2013-08-16"	11	"game-01"	2829	52
"2013-08-16"	5	"game-01"	1986	4
"2013-08-16"	5	"game-01"	6366	71
"2013-08-16"	6	"game-01"	6720	3
"2013-08-16"	6	"game-01"	4461	105
"2013-08-16"	6	"game-01"	9757	31
"2013-08-16"	7	"game-01"	1283	13
"2013-08-16"	7	"game-01"	3566	10
"2013-08-16"	7	"game-01"	959	9
"2013-08-16"	8	"game-01"	4414	54
"2013-08-16"	8	"game-01"	3738	4
"2013-08-16"	12	"game-01"	3738	7
"2013-08-16"	8	"game-01"	595	4
"2013-08-16"	13	"game-01"	1812	7
"2013-08-16"	12	"game-01"	1812	3
"2013-08-16"	12	"game-01"	978	1
"2013-08-16"	9	"game-01"	978	8
"2013-08-16"	13	"game-01"	978	4
"2013-08-16"	10	"game-01"	7029	51
"2013-08-16"	10	"game-01"	3431	14
"2013-08-16"	10	"game-01"	4982	15
"2013-08-16"	11	"game-01"	4982	35
"2013-08-16"	19	"game-01"	4982	78
"2013-08-16"	18	"game-01"	4982	85
"2013-08-16"	11	"game-01"	6695	11
"2013-08-16"	11	"game-01"	4241	1
"2013-08-16"	12	"game-01"	9082	152
"2013-08-16"	12	"game-01"	5333	4
"2013-08-16"	16	"game-01"	5333	5
"2013-08-16"	13	"game-01"	6851	379
"2013-08-16"	14	"game-01"	6851	71
"2013-08-16"	22	"game-01"	6851	77
"2013-08-16"	14	"game-01"	8533	65
"2013-08-16"	22	"game-01"	8533	36
"2013-08-16"	21	"game-01"	8533	120
"2013-08-16"	13	"game-01"	8533	40
"2013-08-16"	14	"game-01"	6659	95
"2013-08-16"	18	"game-01"	8622	9
"2013-08-16"	15	"game-01"	5549	2
"2013-08-16"	15	"game-01"	708	15
"2013-08-16"	16	"game-01"	113	134
"2013-08-16"	17	"game-01"	5044	167
"2013-08-16"	18	"game-01"	3273	8
"2013-08-16"	19	"game-01"	3689	4
"2013-08-16"	21	"game-01"	5682	61
"2013-08-16"	22	"game-01"	5682	20
"2013-08-16"	23	"game-01"	5682	65
"2013-08-16"	22	"game-01"	5752	48
"2013-08-16"	22	"game-01"	5019	3
"2013-08-16"	23	"game-01"	2643	39
"2013-08-16"	23	"game-01"	3440	14
