"log_date"	"app_name"	"user_id"
"2013-09-27"	"game-01"	654133
"2013-09-27"	"game-01"	855248
"2013-09-27"	"game-01"	413381
"2013-09-27"	"game-01"	721356
"2013-09-27"	"game-01"	776853
"2013-09-27"	"game-01"	525047
"2013-09-27"	"game-01"	478973
"2013-09-27"	"game-01"	411182
"2013-09-27"	"game-01"	452478
"2013-09-27"	"game-01"	776120
"2013-09-27"	"game-01"	777775
"2013-09-27"	"game-01"	503267
"2013-09-27"	"game-01"	276197
"2013-09-27"	"game-01"	692433
"2013-09-27"	"game-01"	106832
"2013-09-27"	"game-01"	842117
"2013-09-27"	"game-01"	889276
"2013-09-27"	"game-01"	424225
"2013-09-27"	"game-01"	587862
"2013-09-27"	"game-01"	999182
"2013-09-27"	"game-01"	107707
"2013-09-27"	"game-01"	476345
"2013-09-27"	"game-01"	202639
"2013-09-27"	"game-01"	372782
"2013-09-27"	"game-01"	784305
"2013-09-27"	"game-01"	611831
"2013-09-27"	"game-01"	986489
"2013-09-27"	"game-01"	813254
"2013-09-27"	"game-01"	91196
"2013-09-27"	"game-01"	958355
"2013-09-27"	"game-01"	969542
"2013-09-27"	"game-01"	496239
"2013-09-27"	"game-01"	162340
"2013-09-27"	"game-01"	708482
"2013-09-27"	"game-01"	612525
"2013-09-27"	"game-01"	933222
"2013-09-27"	"game-01"	531921
"2013-09-27"	"game-01"	315204
"2013-09-27"	"game-01"	677750
"2013-09-27"	"game-01"	162694
"2013-09-27"	"game-01"	618610
"2013-09-27"	"game-01"	801373
"2013-09-27"	"game-01"	334427
"2013-09-27"	"game-01"	286730
"2013-09-27"	"game-01"	574230
"2013-09-27"	"game-01"	998493
"2013-09-27"	"game-01"	933780
"2013-09-27"	"game-01"	742626
"2013-09-27"	"game-01"	88448
"2013-09-27"	"game-01"	284538
"2013-09-27"	"game-01"	128290
"2013-09-27"	"game-01"	807768
"2013-09-27"	"game-01"	465015
"2013-09-27"	"game-01"	658531
"2013-09-27"	"game-01"	705026
"2013-09-27"	"game-01"	75617
"2013-09-27"	"game-01"	224645
"2013-09-27"	"game-01"	211862
"2013-09-27"	"game-01"	866389
"2013-09-27"	"game-01"	215742
"2013-09-27"	"game-01"	787238
"2013-09-27"	"game-01"	35393
"2013-09-27"	"game-01"	671354
"2013-09-27"	"game-01"	200041
"2013-09-27"	"game-01"	905927
"2013-09-27"	"game-01"	883380
"2013-09-27"	"game-01"	311445
"2013-09-27"	"game-01"	366241
"2013-09-27"	"game-01"	31197
"2013-09-27"	"game-01"	695899
"2013-09-27"	"game-01"	343705
"2013-09-27"	"game-01"	321102
"2013-09-27"	"game-01"	385971
"2013-09-27"	"game-01"	917503
"2013-09-27"	"game-01"	196861
"2013-09-27"	"game-01"	866644
"2013-09-27"	"game-01"	827371
"2013-09-27"	"game-01"	125600
"2013-09-27"	"game-01"	267118
"2013-09-27"	"game-01"	762546
"2013-09-27"	"game-01"	953715
"2013-09-27"	"game-01"	226217
"2013-09-27"	"game-01"	678976
"2013-09-27"	"game-01"	761670
"2013-09-27"	"game-01"	401184
"2013-09-27"	"game-01"	805257
"2013-09-27"	"game-01"	160410
"2013-09-27"	"game-01"	89942
"2013-09-27"	"game-01"	818870
"2013-09-27"	"game-01"	143285
"2013-09-27"	"game-01"	350872
"2013-09-27"	"game-01"	940512
"2013-09-27"	"game-01"	698195
"2013-09-27"	"game-01"	69575
"2013-09-27"	"game-01"	445432
"2013-09-27"	"game-01"	406537
"2013-09-27"	"game-01"	171574
"2013-09-27"	"game-01"	777158
"2013-09-27"	"game-01"	400406
"2013-09-27"	"game-01"	550847
"2013-09-27"	"game-01"	718869
"2013-09-27"	"game-01"	391302
"2013-09-27"	"game-01"	716859
"2013-09-27"	"game-01"	178276
"2013-09-27"	"game-01"	96589
"2013-09-27"	"game-01"	286127
"2013-09-27"	"game-01"	698187
"2013-09-27"	"game-01"	742696
"2013-09-27"	"game-01"	111311
"2013-09-27"	"game-01"	423145
"2013-09-27"	"game-01"	752842
"2013-09-27"	"game-01"	7299
"2013-09-27"	"game-01"	619600
"2013-09-27"	"game-01"	31580
"2013-09-27"	"game-01"	127352
"2013-09-27"	"game-01"	544466
"2013-09-27"	"game-01"	927126
"2013-09-27"	"game-01"	41002
"2013-09-27"	"game-01"	46977
"2013-09-27"	"game-01"	773781
"2013-09-27"	"game-01"	46865
"2013-09-27"	"game-01"	134346
"2013-09-27"	"game-01"	751956
"2013-09-27"	"game-01"	92249
"2013-09-27"	"game-01"	57826
"2013-09-27"	"game-01"	327735
"2013-09-27"	"game-01"	404946
"2013-09-27"	"game-01"	829116
"2013-09-27"	"game-01"	265317
"2013-09-27"	"game-01"	907353
"2013-09-27"	"game-01"	396638
"2013-09-27"	"game-01"	343966
"2013-09-27"	"game-01"	899462
"2013-09-27"	"game-01"	488929
"2013-09-27"	"game-01"	669078
"2013-09-27"	"game-01"	515329
"2013-09-27"	"game-01"	334604
"2013-09-27"	"game-01"	308918
"2013-09-27"	"game-01"	832551
"2013-09-27"	"game-01"	807529
"2013-09-27"	"game-01"	956128
"2013-09-27"	"game-01"	161576
"2013-09-27"	"game-01"	477735
"2013-09-27"	"game-01"	104420
"2013-09-27"	"game-01"	549802
"2013-09-27"	"game-01"	710260
"2013-09-27"	"game-01"	74071
"2013-09-27"	"game-01"	759979
"2013-09-27"	"game-01"	840752
"2013-09-27"	"game-01"	675933
"2013-09-27"	"game-01"	509122
"2013-09-27"	"game-01"	251341
"2013-09-27"	"game-01"	226544
"2013-09-27"	"game-01"	619454
"2013-09-27"	"game-01"	23299
"2013-09-27"	"game-01"	100783
"2013-09-27"	"game-01"	309059
"2013-09-27"	"game-01"	63737
"2013-09-27"	"game-01"	496079
"2013-09-27"	"game-01"	588991
"2013-09-27"	"game-01"	183356
"2013-09-27"	"game-01"	563952
"2013-09-27"	"game-01"	817
"2013-09-27"	"game-01"	303699
"2013-09-27"	"game-01"	322074
"2013-09-27"	"game-01"	833462
"2013-09-27"	"game-01"	245000
"2013-09-27"	"game-01"	294164
"2013-09-27"	"game-01"	93246
"2013-09-27"	"game-01"	913530
"2013-09-27"	"game-01"	740681
"2013-09-27"	"game-01"	166736
"2013-09-27"	"game-01"	261316
"2013-09-27"	"game-01"	581799
"2013-09-27"	"game-01"	108514
"2013-09-27"	"game-01"	231215
"2013-09-27"	"game-01"	325178
"2013-09-27"	"game-01"	607334
"2013-09-27"	"game-01"	973146
"2013-09-27"	"game-01"	564132
"2013-09-27"	"game-01"	644534
"2013-09-27"	"game-01"	514226
"2013-09-27"	"game-01"	223420
"2013-09-27"	"game-01"	628916
"2013-09-27"	"game-01"	382021
"2013-09-27"	"game-01"	776348
"2013-09-27"	"game-01"	433329
"2013-09-27"	"game-01"	801630
"2013-09-27"	"game-01"	668699
"2013-09-27"	"game-01"	125788
"2013-09-27"	"game-01"	949518
"2013-09-27"	"game-01"	191190
"2013-09-27"	"game-01"	464778
"2013-09-27"	"game-01"	306359
"2013-09-27"	"game-01"	548889
"2013-09-27"	"game-01"	656840
"2013-09-27"	"game-01"	10326
"2013-09-27"	"game-01"	404040
"2013-09-27"	"game-01"	416505
"2013-09-27"	"game-01"	266957
"2013-09-27"	"game-01"	371935
"2013-09-27"	"game-01"	752651
"2013-09-27"	"game-01"	213352
"2013-09-27"	"game-01"	235872
"2013-09-27"	"game-01"	851546
"2013-09-27"	"game-01"	825925
"2013-09-27"	"game-01"	948103
"2013-09-27"	"game-01"	402012
"2013-09-27"	"game-01"	59534
"2013-09-27"	"game-01"	413110
"2013-09-27"	"game-01"	773514
"2013-09-27"	"game-01"	845135
"2013-09-27"	"game-01"	870947
"2013-09-27"	"game-01"	762151
"2013-09-27"	"game-01"	553197
"2013-09-27"	"game-01"	161962
"2013-09-27"	"game-01"	784216
"2013-09-27"	"game-01"	696807
"2013-09-27"	"game-01"	850915
"2013-09-27"	"game-01"	802754
"2013-09-27"	"game-01"	958887
"2013-09-27"	"game-01"	628565
"2013-09-27"	"game-01"	824345
"2013-09-27"	"game-01"	668014
"2013-09-27"	"game-01"	482337
"2013-09-27"	"game-01"	117022
"2013-09-27"	"game-01"	92171
"2013-09-27"	"game-01"	431940
"2013-09-27"	"game-01"	75384
"2013-09-27"	"game-01"	191895
"2013-09-27"	"game-01"	368704
"2013-09-27"	"game-01"	621726
"2013-09-27"	"game-01"	267568
"2013-09-27"	"game-01"	295003
"2013-09-27"	"game-01"	544651
"2013-09-27"	"game-01"	932543
"2013-09-27"	"game-01"	413539
"2013-09-27"	"game-01"	754975
"2013-09-27"	"game-01"	431201
"2013-09-27"	"game-01"	348097
"2013-09-27"	"game-01"	525162
"2013-09-27"	"game-01"	433635
"2013-09-27"	"game-01"	623920
"2013-09-27"	"game-01"	788568
"2013-09-27"	"game-01"	231833
"2013-09-27"	"game-01"	808508
"2013-09-27"	"game-01"	512782
"2013-09-27"	"game-01"	483106
"2013-09-27"	"game-01"	112894
"2013-09-27"	"game-01"	153570
"2013-09-27"	"game-01"	928473
"2013-09-27"	"game-01"	70100
"2013-09-27"	"game-01"	35937
"2013-09-27"	"game-01"	593170
"2013-09-27"	"game-01"	769628
"2013-09-27"	"game-01"	184466
"2013-09-27"	"game-01"	485383
"2013-09-27"	"game-01"	671690
"2013-09-27"	"game-01"	763173
"2013-09-27"	"game-01"	656082
"2013-09-27"	"game-01"	390021
"2013-09-27"	"game-01"	639814
"2013-09-27"	"game-01"	162035
"2013-09-27"	"game-01"	445573
"2013-09-27"	"game-01"	418239
"2013-09-27"	"game-01"	302628
"2013-09-27"	"game-01"	821067
"2013-09-27"	"game-01"	406423
"2013-09-27"	"game-01"	385638
"2013-09-27"	"game-01"	385638
"2013-09-27"	"game-01"	894679
"2013-09-27"	"game-01"	644188
"2013-09-27"	"game-01"	885585
"2013-09-27"	"game-01"	747218
"2013-09-27"	"game-01"	689976
"2013-09-27"	"game-01"	858140
"2013-09-27"	"game-01"	169183
"2013-09-27"	"game-01"	320747
"2013-09-27"	"game-01"	184158
"2013-09-27"	"game-01"	30213
"2013-09-27"	"game-01"	752950
"2013-09-27"	"game-01"	8105
"2013-09-27"	"game-01"	395077
"2013-09-27"	"game-01"	215129
"2013-09-27"	"game-01"	814085
"2013-09-27"	"game-01"	475380
"2013-09-27"	"game-01"	716902
"2013-09-27"	"game-01"	731290
"2013-09-27"	"game-01"	607694
"2013-09-27"	"game-01"	597185
"2013-09-27"	"game-01"	358327
"2013-09-27"	"game-01"	948434
"2013-09-27"	"game-01"	94450
"2013-09-27"	"game-01"	855257
"2013-09-27"	"game-01"	486021
"2013-09-27"	"game-01"	17423
"2013-09-27"	"game-01"	639496
"2013-09-27"	"game-01"	953251
"2013-09-27"	"game-01"	449927
"2013-09-27"	"game-01"	12067
"2013-09-27"	"game-01"	933590
"2013-09-27"	"game-01"	620368
"2013-09-27"	"game-01"	748904
"2013-09-27"	"game-01"	865209
"2013-09-27"	"game-01"	60944
"2013-09-27"	"game-01"	326004
"2013-09-27"	"game-01"	407809
"2013-09-27"	"game-01"	801312
"2013-09-27"	"game-01"	425445
"2013-09-27"	"game-01"	550354
"2013-09-27"	"game-01"	607858
"2013-09-27"	"game-01"	356232
"2013-09-27"	"game-01"	70946
"2013-09-27"	"game-01"	913048
"2013-09-27"	"game-01"	10773
"2013-09-27"	"game-01"	751023
"2013-09-27"	"game-01"	699404
"2013-09-27"	"game-01"	45328
"2013-09-27"	"game-01"	62675
"2013-09-27"	"game-01"	869364
"2013-09-27"	"game-01"	945219
"2013-09-27"	"game-01"	343497
"2013-09-27"	"game-01"	393362
"2013-09-27"	"game-01"	869541
"2013-09-27"	"game-01"	312189
"2013-09-27"	"game-01"	896127
"2013-09-27"	"game-01"	647019
"2013-09-27"	"game-01"	612307
"2013-09-27"	"game-01"	353394
"2013-09-27"	"game-01"	282445
"2013-09-27"	"game-01"	180326
"2013-09-27"	"game-01"	11383
"2013-09-27"	"game-01"	972726
"2013-09-27"	"game-01"	66871
"2013-09-27"	"game-01"	83758
"2013-09-27"	"game-01"	549926
"2013-09-27"	"game-01"	874006
"2013-09-27"	"game-01"	105678
"2013-09-27"	"game-01"	855192
"2013-09-27"	"game-01"	812271
"2013-09-27"	"game-01"	809148
"2013-09-27"	"game-01"	972935
"2013-09-27"	"game-01"	195659
"2013-09-27"	"game-01"	213086
"2013-09-27"	"game-01"	678786
"2013-09-27"	"game-01"	2076
"2013-09-27"	"game-01"	516874
"2013-09-27"	"game-01"	91949
"2013-09-27"	"game-01"	26710
"2013-09-27"	"game-01"	616844
"2013-09-27"	"game-01"	521380
"2013-09-27"	"game-01"	623883
"2013-09-27"	"game-01"	711878
"2013-09-27"	"game-01"	831458
"2013-09-27"	"game-01"	784126
"2013-09-27"	"game-01"	229924
"2013-09-27"	"game-01"	989784
"2013-09-27"	"game-01"	832972
"2013-09-27"	"game-01"	823202
"2013-09-27"	"game-01"	971455
"2013-09-27"	"game-01"	459712
"2013-09-27"	"game-01"	648775
"2013-09-27"	"game-01"	29387
"2013-09-27"	"game-01"	122114
"2013-09-27"	"game-01"	900739
"2013-09-27"	"game-01"	30990
"2013-09-27"	"game-01"	715464
"2013-09-27"	"game-01"	689546
"2013-09-27"	"game-01"	894324
"2013-09-27"	"game-01"	591533
"2013-09-27"	"game-01"	206173
"2013-09-27"	"game-01"	6693
"2013-09-27"	"game-01"	541052
"2013-09-27"	"game-01"	27182
"2013-09-27"	"game-01"	981274
"2013-09-27"	"game-01"	390687
"2013-09-27"	"game-01"	566215
"2013-09-27"	"game-01"	385477
"2013-09-27"	"game-01"	867548
"2013-09-27"	"game-01"	411337
"2013-09-27"	"game-01"	5332
"2013-09-27"	"game-01"	73861
"2013-09-27"	"game-01"	150849
"2013-09-27"	"game-01"	464824
"2013-09-27"	"game-01"	968154
"2013-09-27"	"game-01"	377764
"2013-09-27"	"game-01"	194401
"2013-09-27"	"game-01"	505683
"2013-09-27"	"game-01"	658681
"2013-09-27"	"game-01"	129124
"2013-09-27"	"game-01"	378874
"2013-09-27"	"game-01"	941752
"2013-09-27"	"game-01"	982532
"2013-09-27"	"game-01"	821119
"2013-09-27"	"game-01"	74681
"2013-09-27"	"game-01"	48792
"2013-09-27"	"game-01"	577392
"2013-09-27"	"game-01"	656623
"2013-09-27"	"game-01"	358801
"2013-09-27"	"game-01"	236586
"2013-09-27"	"game-01"	313168
"2013-09-27"	"game-01"	565049
"2013-09-27"	"game-01"	831119
"2013-09-27"	"game-01"	527234
"2013-09-27"	"game-01"	700260
"2013-09-27"	"game-01"	917866
"2013-09-27"	"game-01"	421767
"2013-09-27"	"game-01"	666348
"2013-09-27"	"game-01"	756431
"2013-09-27"	"game-01"	800412
"2013-09-27"	"game-01"	436153
"2013-09-27"	"game-01"	575020
"2013-09-27"	"game-01"	692972
"2013-09-27"	"game-01"	595047
"2013-09-27"	"game-01"	595047
"2013-09-27"	"game-01"	561822
"2013-09-27"	"game-01"	50551
"2013-09-27"	"game-01"	276781
"2013-09-27"	"game-01"	692391
"2013-09-27"	"game-01"	546995
"2013-09-27"	"game-01"	505209
"2013-09-27"	"game-01"	730755
"2013-09-27"	"game-01"	857693
"2013-09-27"	"game-01"	857258
"2013-09-27"	"game-01"	209378
"2013-09-27"	"game-01"	242831
"2013-09-27"	"game-01"	493925
"2013-09-27"	"game-01"	808059
"2013-09-27"	"game-01"	506208
"2013-09-27"	"game-01"	171255
"2013-09-27"	"game-01"	637667
"2013-09-27"	"game-01"	526640
"2013-09-27"	"game-01"	312820
"2013-09-27"	"game-01"	565035
"2013-09-27"	"game-01"	626820
"2013-09-27"	"game-01"	697338
"2013-09-27"	"game-01"	367506
"2013-09-27"	"game-01"	880154
"2013-09-27"	"game-01"	823025
"2013-09-27"	"game-01"	951049
"2013-09-27"	"game-01"	867915
"2013-09-27"	"game-01"	335980
"2013-09-27"	"game-01"	744810
"2013-09-27"	"game-01"	425105
"2013-09-27"	"game-01"	576010
"2013-09-27"	"game-01"	623107
"2013-09-27"	"game-01"	660404
"2013-09-27"	"game-01"	853948
"2013-09-27"	"game-01"	818797
"2013-09-27"	"game-01"	801077
"2013-09-27"	"game-01"	32814
"2013-09-27"	"game-01"	400407
"2013-09-27"	"game-01"	850720
"2013-09-27"	"game-01"	458028
"2013-09-27"	"game-01"	304821
"2013-09-27"	"game-01"	663274
"2013-09-27"	"game-01"	747389
"2013-09-27"	"game-01"	496556
"2013-09-27"	"game-01"	926353
"2013-09-27"	"game-01"	473727
"2013-09-27"	"game-01"	735700
"2013-09-27"	"game-01"	841926
"2013-09-27"	"game-01"	717144
"2013-09-27"	"game-01"	908227
"2013-09-27"	"game-01"	539768
"2013-09-27"	"game-01"	793858
"2013-09-27"	"game-01"	760760
"2013-09-27"	"game-01"	257916
"2013-09-27"	"game-01"	243632
"2013-09-27"	"game-01"	846630
"2013-09-27"	"game-01"	27295
"2013-09-27"	"game-01"	618496
"2013-09-27"	"game-01"	388685
"2013-09-27"	"game-01"	143022
"2013-09-27"	"game-01"	25778
"2013-09-27"	"game-01"	692383
"2013-09-27"	"game-01"	528058
"2013-09-27"	"game-01"	630076
"2013-09-27"	"game-01"	779730
"2013-09-27"	"game-01"	206248
"2013-09-27"	"game-01"	984363
"2013-09-27"	"game-01"	955213
"2013-09-27"	"game-01"	11532
"2013-09-27"	"game-01"	611170
"2013-09-27"	"game-01"	141401
"2013-09-27"	"game-01"	750773
"2013-09-27"	"game-01"	110028
"2013-09-27"	"game-01"	867265
"2013-09-27"	"game-01"	641058
"2013-09-27"	"game-01"	633088
"2013-09-27"	"game-01"	35662
"2013-09-27"	"game-01"	624654
"2013-09-27"	"game-01"	713557
"2013-09-27"	"game-01"	179748
"2013-09-27"	"game-01"	556692
"2013-09-27"	"game-01"	382398
"2013-09-27"	"game-01"	757576
"2013-09-27"	"game-01"	539600
"2013-09-27"	"game-01"	314117
"2013-09-27"	"game-01"	678085
"2013-09-27"	"game-01"	952774
"2013-09-27"	"game-01"	24376
"2013-09-27"	"game-01"	710778
"2013-09-27"	"game-01"	256010
"2013-09-27"	"game-01"	259498
"2013-09-27"	"game-01"	156429
"2013-09-27"	"game-01"	35254
"2013-09-27"	"game-01"	330113
"2013-09-27"	"game-01"	552806
"2013-09-27"	"game-01"	348889
"2013-09-27"	"game-01"	49907
"2013-09-27"	"game-01"	241663
"2013-09-27"	"game-01"	751131
"2013-09-27"	"game-01"	983272
"2013-09-27"	"game-01"	915503
"2013-09-27"	"game-01"	38171
"2013-09-27"	"game-01"	7001
"2013-09-27"	"game-01"	320165
"2013-09-27"	"game-01"	544833
"2013-09-27"	"game-01"	211092
"2013-09-27"	"game-01"	98766
"2013-09-27"	"game-01"	218037
"2013-09-27"	"game-01"	18886
"2013-09-27"	"game-01"	998926
"2013-09-27"	"game-01"	685723
"2013-09-27"	"game-01"	22672
"2013-09-27"	"game-01"	786749
"2013-09-27"	"game-01"	87181
"2013-09-27"	"game-01"	544020
"2013-09-27"	"game-01"	3343
"2013-09-27"	"game-01"	887549
"2013-09-27"	"game-01"	974875
"2013-09-27"	"game-01"	241945
"2013-09-27"	"game-01"	327422
"2013-09-27"	"game-01"	896280
"2013-09-27"	"game-01"	492588
"2013-09-27"	"game-01"	426919
"2013-09-27"	"game-01"	423898
"2013-09-27"	"game-01"	567212
"2013-09-27"	"game-01"	176626
"2013-09-27"	"game-01"	721396
"2013-09-27"	"game-01"	684852
"2013-09-27"	"game-01"	767658
"2013-09-27"	"game-01"	167862
"2013-09-27"	"game-01"	337580
"2013-09-27"	"game-01"	570537
"2013-09-27"	"game-01"	870598
"2013-09-27"	"game-01"	639539
"2013-09-27"	"game-01"	387833
"2013-09-27"	"game-01"	24941
"2013-09-27"	"game-01"	755045
"2013-09-27"	"game-01"	481075
"2013-09-27"	"game-01"	870737
"2013-09-27"	"game-01"	790044
"2013-09-27"	"game-01"	385042
"2013-09-27"	"game-01"	871098
"2013-09-27"	"game-01"	353008
"2013-09-27"	"game-01"	253317
"2013-09-27"	"game-01"	484271
"2013-09-27"	"game-01"	263961
"2013-09-27"	"game-01"	286457
"2013-09-27"	"game-01"	745435
"2013-09-27"	"game-01"	823608
"2013-09-27"	"game-01"	691926
"2013-09-27"	"game-01"	878997
"2013-09-27"	"game-01"	670227
"2013-09-27"	"game-01"	704716
"2013-09-27"	"game-01"	596056
"2013-09-27"	"game-01"	48706
"2013-09-27"	"game-01"	734623
"2013-09-27"	"game-01"	562079
"2013-09-27"	"game-01"	914273
"2013-09-27"	"game-01"	298576
"2013-09-27"	"game-01"	84910
"2013-09-27"	"game-01"	703890
"2013-09-27"	"game-01"	196654
"2013-09-27"	"game-01"	695902
"2013-09-27"	"game-01"	794381
"2013-09-27"	"game-01"	230715
"2013-09-27"	"game-01"	255637
"2013-09-27"	"game-01"	473796
"2013-09-27"	"game-01"	837270
"2013-09-27"	"game-01"	972073
"2013-09-27"	"game-01"	376265
"2013-09-27"	"game-01"	173774
"2013-09-27"	"game-01"	676122
"2013-09-27"	"game-01"	752265
"2013-09-27"	"game-01"	322465
"2013-09-27"	"game-01"	650588
"2013-09-27"	"game-01"	274452
"2013-09-27"	"game-01"	128240
"2013-09-27"	"game-01"	701682
"2013-09-27"	"game-01"	943460
"2013-09-27"	"game-01"	922694
"2013-09-27"	"game-01"	595857
"2013-09-27"	"game-01"	432387
"2013-09-27"	"game-01"	594112
"2013-09-27"	"game-01"	121544
"2013-09-27"	"game-01"	14081
"2013-09-27"	"game-01"	648916
"2013-09-27"	"game-01"	859623
"2013-09-27"	"game-01"	230468
"2013-09-27"	"game-01"	865616
"2013-09-27"	"game-01"	192686
"2013-09-27"	"game-01"	425375
"2013-09-27"	"game-01"	674680
"2013-09-27"	"game-01"	877061
"2013-09-27"	"game-01"	531111
"2013-09-27"	"game-01"	777731
"2013-09-27"	"game-01"	352655
"2013-09-27"	"game-01"	478165
"2013-09-27"	"game-01"	731110
"2013-09-27"	"game-01"	731110
"2013-09-27"	"game-01"	763699
"2013-09-27"	"game-01"	474809
"2013-09-27"	"game-01"	333531
"2013-09-27"	"game-01"	533350
"2013-09-27"	"game-01"	52061
"2013-09-27"	"game-01"	171027
"2013-09-27"	"game-01"	943883
"2013-09-27"	"game-01"	737669
"2013-09-27"	"game-01"	717559
"2013-09-27"	"game-01"	762489
"2013-09-27"	"game-01"	298353
"2013-09-27"	"game-01"	460806
"2013-09-27"	"game-01"	609980
"2013-09-27"	"game-01"	714438
"2013-09-27"	"game-01"	602221
"2013-09-27"	"game-01"	832516
"2013-09-27"	"game-01"	711870
"2013-09-27"	"game-01"	907723
"2013-09-27"	"game-01"	30524
"2013-09-27"	"game-01"	60126
"2013-09-27"	"game-01"	298713
"2013-09-27"	"game-01"	241133
"2013-09-27"	"game-01"	955901
"2013-09-27"	"game-01"	152689
"2013-09-27"	"game-01"	418537
"2013-09-27"	"game-01"	965993
"2013-09-27"	"game-01"	113406
"2013-09-27"	"game-01"	391144
"2013-09-27"	"game-01"	857411
"2013-09-27"	"game-01"	845352
"2013-09-27"	"game-01"	904702
"2013-09-27"	"game-01"	231640
"2013-09-27"	"game-01"	721241
"2013-09-27"	"game-01"	926022
"2013-09-27"	"game-01"	859236
"2013-09-27"	"game-01"	958650
"2013-09-27"	"game-01"	216088
"2013-09-27"	"game-01"	485152
"2013-09-27"	"game-01"	685205
"2013-09-27"	"game-01"	562587
"2013-09-27"	"game-01"	887612
"2013-09-27"	"game-01"	236796
"2013-09-27"	"game-01"	160699
"2013-09-27"	"game-01"	772020
"2013-09-27"	"game-01"	408418
"2013-09-27"	"game-01"	303083
"2013-09-27"	"game-01"	533878
"2013-09-27"	"game-01"	276544
"2013-09-27"	"game-01"	883300
"2013-09-27"	"game-01"	316107
"2013-09-27"	"game-01"	186214
"2013-09-27"	"game-01"	71011
"2013-09-27"	"game-01"	477047
"2013-09-27"	"game-01"	782335
"2013-09-27"	"game-01"	245863
"2013-09-27"	"game-01"	581730
"2013-09-27"	"game-01"	814817
"2013-09-27"	"game-01"	816301
"2013-09-27"	"game-01"	50175
"2013-09-27"	"game-01"	166261
"2013-09-27"	"game-01"	912450
"2013-09-27"	"game-01"	849128
"2013-09-27"	"game-01"	447896
"2013-09-27"	"game-01"	549524
"2013-09-27"	"game-01"	425737
"2013-09-27"	"game-01"	767106
"2013-09-27"	"game-01"	363488
"2013-09-27"	"game-01"	991770
"2013-09-27"	"game-01"	625783
"2013-09-27"	"game-01"	74257
"2013-09-27"	"game-01"	379455
"2013-09-27"	"game-01"	727767
"2013-09-27"	"game-01"	491322
"2013-09-27"	"game-01"	896190
"2013-09-27"	"game-01"	92734
"2013-09-27"	"game-01"	209035
"2013-09-27"	"game-01"	696173
"2013-09-27"	"game-01"	991837
"2013-09-27"	"game-01"	299811
"2013-09-27"	"game-01"	612226
"2013-09-27"	"game-01"	313842
"2013-09-27"	"game-01"	49795
"2013-09-27"	"game-01"	101241
"2013-09-27"	"game-01"	932452
"2013-09-27"	"game-01"	344521
"2013-09-27"	"game-01"	447949
"2013-09-27"	"game-01"	92866
"2013-09-27"	"game-01"	668656
"2013-09-27"	"game-01"	921809
"2013-09-27"	"game-01"	686131
"2013-09-27"	"game-01"	985681
"2013-09-27"	"game-01"	42571
"2013-09-27"	"game-01"	491006
"2013-09-27"	"game-01"	474158
"2013-09-27"	"game-01"	710165
"2013-09-27"	"game-01"	115131
"2013-09-27"	"game-01"	112551
"2013-09-27"	"game-01"	5958
"2013-09-27"	"game-01"	64990
"2013-09-27"	"game-01"	593149
"2013-09-27"	"game-01"	606228
"2013-09-27"	"game-01"	660977
"2013-09-27"	"game-01"	655642
"2013-09-27"	"game-01"	535260
"2013-09-27"	"game-01"	677699
"2013-09-27"	"game-01"	431824
"2013-09-27"	"game-01"	57457
"2013-09-27"	"game-01"	191892
"2013-09-27"	"game-01"	444139
"2013-09-27"	"game-01"	477818
"2013-09-27"	"game-01"	331265
"2013-09-27"	"game-01"	375405
"2013-09-27"	"game-01"	897743
"2013-09-27"	"game-01"	80035
"2013-09-27"	"game-01"	758396
"2013-09-27"	"game-01"	603365
"2013-09-27"	"game-01"	389019
"2013-09-27"	"game-01"	361309
"2013-09-27"	"game-01"	978312
"2013-09-27"	"game-01"	18640
"2013-09-27"	"game-01"	223567
"2013-09-27"	"game-01"	222657
"2013-09-27"	"game-01"	860024
"2013-09-27"	"game-01"	370741
"2013-09-27"	"game-01"	715892
"2013-09-27"	"game-01"	847809
"2013-09-27"	"game-01"	819350
"2013-09-27"	"game-01"	67289
"2013-09-27"	"game-01"	404641
"2013-09-27"	"game-01"	313422
"2013-09-27"	"game-01"	658059
"2013-09-27"	"game-01"	489513
"2013-09-27"	"game-01"	312806
"2013-09-27"	"game-01"	23690
"2013-09-27"	"game-01"	340034
"2013-09-27"	"game-01"	12316
"2013-09-27"	"game-01"	24589
"2013-09-27"	"game-01"	930560
"2013-09-27"	"game-01"	475261
"2013-09-27"	"game-01"	995627
"2013-09-27"	"game-01"	351826
"2013-09-27"	"game-01"	444400
"2013-09-27"	"game-01"	140834
"2013-09-27"	"game-01"	270066
"2013-09-27"	"game-01"	896015
"2013-09-27"	"game-01"	462884
"2013-09-27"	"game-01"	76168
"2013-09-27"	"game-01"	124874
"2013-09-27"	"game-01"	777531
"2013-09-27"	"game-01"	873227
"2013-09-27"	"game-01"	295987
"2013-09-27"	"game-01"	462640
"2013-09-27"	"game-01"	110215
"2013-09-27"	"game-01"	516795
"2013-09-27"	"game-01"	57414
"2013-09-27"	"game-01"	827986
"2013-09-27"	"game-01"	267782
"2013-09-27"	"game-01"	372771
"2013-09-27"	"game-01"	28708
"2013-09-27"	"game-01"	517796
"2013-09-27"	"game-01"	480558
"2013-09-27"	"game-01"	392291
"2013-09-27"	"game-01"	672701
"2013-09-27"	"game-01"	39203
"2013-09-27"	"game-01"	168919
"2013-09-27"	"game-01"	179167
"2013-09-27"	"game-01"	599614
"2013-09-27"	"game-01"	96063
"2013-09-27"	"game-01"	677324
"2013-09-27"	"game-01"	491279
"2013-09-27"	"game-01"	254226
"2013-09-27"	"game-01"	702774
"2013-09-27"	"game-01"	293945
"2013-09-27"	"game-01"	698243
"2013-09-27"	"game-01"	40978
"2013-09-27"	"game-01"	53247
"2013-09-27"	"game-01"	624651
"2013-09-27"	"game-01"	487727
"2013-09-27"	"game-01"	295988
"2013-09-27"	"game-01"	861211
"2013-09-27"	"game-01"	663645
"2013-09-27"	"game-01"	897487
"2013-09-27"	"game-01"	571371
"2013-09-27"	"game-01"	787386
"2013-09-27"	"game-01"	683054
"2013-09-27"	"game-01"	586145
"2013-09-27"	"game-01"	211040
"2013-09-27"	"game-01"	670406
"2013-09-27"	"game-01"	282905
"2013-09-27"	"game-01"	848020
"2013-09-27"	"game-01"	379323
"2013-09-27"	"game-01"	306496
"2013-09-27"	"game-01"	373716
"2013-09-27"	"game-01"	287112
"2013-09-27"	"game-01"	878599
"2013-09-27"	"game-01"	212992
"2013-09-27"	"game-01"	744262
"2013-09-27"	"game-01"	102795
"2013-09-27"	"game-01"	569536
"2013-09-27"	"game-01"	405358
"2013-09-27"	"game-01"	489998
"2013-09-27"	"game-01"	138146
"2013-09-27"	"game-01"	584542
"2013-09-27"	"game-01"	375481
"2013-09-27"	"game-01"	244173
"2013-09-27"	"game-01"	134491
"2013-09-27"	"game-01"	710378
"2013-09-27"	"game-01"	948176
"2013-09-27"	"game-01"	884991
"2013-09-27"	"game-01"	454547
"2013-09-27"	"game-01"	79900
"2013-09-27"	"game-01"	215172
"2013-09-27"	"game-01"	660697
"2013-09-27"	"game-01"	669552
"2013-09-27"	"game-01"	266047
"2013-09-27"	"game-01"	674858
"2013-09-27"	"game-01"	873225
"2013-09-27"	"game-01"	706465
"2013-09-27"	"game-01"	890594
"2013-09-27"	"game-01"	202346
"2013-09-27"	"game-01"	573634
"2013-09-27"	"game-01"	377104
"2013-09-27"	"game-01"	601302
"2013-09-27"	"game-01"	819596
"2013-09-27"	"game-01"	246171
"2013-09-27"	"game-01"	264408
"2013-09-27"	"game-01"	23736
"2013-09-27"	"game-01"	545921
"2013-09-27"	"game-01"	776484
"2013-09-27"	"game-01"	332617
"2013-09-27"	"game-01"	651924
"2013-09-27"	"game-01"	709985
"2013-09-27"	"game-01"	515860
"2013-09-27"	"game-01"	312131
"2013-09-27"	"game-01"	426651
"2013-09-27"	"game-01"	320940
"2013-09-27"	"game-01"	216038
"2013-09-27"	"game-01"	766951
"2013-09-27"	"game-01"	826925
"2013-09-27"	"game-01"	423076
"2013-09-27"	"game-01"	884879
"2013-09-27"	"game-01"	292042
"2013-09-27"	"game-01"	279411
"2013-09-27"	"game-01"	488079
"2013-09-27"	"game-01"	395977
"2013-09-27"	"game-01"	785067
"2013-09-27"	"game-01"	809735
"2013-09-27"	"game-01"	980282
"2013-09-27"	"game-01"	664796
"2013-09-27"	"game-01"	846205
"2013-09-27"	"game-01"	825292
"2013-09-27"	"game-01"	248775
"2013-09-27"	"game-01"	895899
"2013-09-27"	"game-01"	88184
"2013-09-27"	"game-01"	170820
"2013-09-27"	"game-01"	530236
"2013-09-27"	"game-01"	738534
"2013-09-27"	"game-01"	192394
"2013-09-27"	"game-01"	933122
"2013-09-27"	"game-01"	622847
"2013-09-27"	"game-01"	468671
"2013-09-27"	"game-01"	557857
"2013-09-27"	"game-01"	459691
"2013-09-27"	"game-01"	742677
"2013-09-27"	"game-01"	393552
"2013-09-27"	"game-01"	496794
"2013-09-27"	"game-01"	999324
"2013-09-27"	"game-01"	311861
"2013-09-27"	"game-01"	699590
"2013-09-27"	"game-01"	71618
"2013-09-27"	"game-01"	286418
"2013-09-27"	"game-01"	913147
"2013-09-27"	"game-01"	247251
"2013-09-27"	"game-01"	291867
"2013-09-27"	"game-01"	43821
"2013-09-27"	"game-01"	455867
"2013-09-27"	"game-01"	206865
"2013-09-27"	"game-01"	281181
"2013-09-27"	"game-01"	787266
"2013-09-27"	"game-01"	925875
"2013-09-27"	"game-01"	326488
"2013-09-27"	"game-01"	855269
"2013-09-27"	"game-01"	48525
"2013-09-27"	"game-01"	585567
"2013-09-27"	"game-01"	20490
"2013-09-27"	"game-01"	715859
"2013-09-27"	"game-01"	440085
"2013-09-27"	"game-01"	145785
"2013-09-27"	"game-01"	235857
"2013-09-27"	"game-01"	348175
"2013-09-27"	"game-01"	314507
"2013-09-27"	"game-01"	68048
"2013-09-27"	"game-01"	459721
"2013-09-27"	"game-01"	951004
"2013-09-27"	"game-01"	241826
"2013-09-27"	"game-01"	823545
"2013-09-27"	"game-01"	851937
"2013-09-27"	"game-01"	191729
"2013-09-27"	"game-01"	155647
"2013-09-27"	"game-01"	898666
"2013-09-27"	"game-01"	583202
"2013-09-27"	"game-01"	20350
"2013-09-27"	"game-01"	921469
"2013-09-27"	"game-01"	661084
"2013-09-27"	"game-01"	485108
"2013-09-27"	"game-01"	299178
"2013-09-27"	"game-01"	180276
"2013-09-27"	"game-01"	61046
"2013-09-27"	"game-01"	596935
"2013-09-27"	"game-01"	857357
"2013-09-27"	"game-01"	787742
"2013-09-27"	"game-01"	92342
"2013-09-27"	"game-01"	559339
"2013-09-27"	"game-01"	169692
"2013-09-27"	"game-01"	21223
"2013-09-27"	"game-01"	170674
"2013-09-27"	"game-01"	328666
"2013-09-27"	"game-01"	971948
"2013-09-27"	"game-01"	263142
"2013-09-27"	"game-01"	315944
"2013-09-27"	"game-01"	858171
"2013-09-27"	"game-01"	217911
"2013-09-27"	"game-01"	919474
"2013-09-27"	"game-01"	631449
"2013-09-27"	"game-01"	225850
"2013-09-27"	"game-01"	171028
"2013-09-27"	"game-01"	4718
"2013-09-27"	"game-01"	812395
"2013-09-27"	"game-01"	85112
"2013-09-27"	"game-01"	16844
"2013-09-27"	"game-01"	941970
"2013-09-27"	"game-01"	838657
"2013-09-27"	"game-01"	50129
"2013-09-27"	"game-01"	330453
"2013-09-27"	"game-01"	32398
"2013-09-27"	"game-01"	489529
"2013-09-27"	"game-01"	430506
"2013-09-27"	"game-01"	758987
"2013-09-27"	"game-01"	710233
"2013-09-27"	"game-01"	561849
"2013-09-27"	"game-01"	819151
"2013-09-27"	"game-01"	106453
"2013-09-27"	"game-01"	369840
"2013-09-27"	"game-01"	63947
"2013-09-27"	"game-01"	769174
"2013-09-27"	"game-01"	283494
"2013-09-27"	"game-01"	689622
"2013-09-27"	"game-01"	315848
"2013-09-27"	"game-01"	500920
"2013-09-27"	"game-01"	463091
"2013-09-27"	"game-01"	998383
"2013-09-27"	"game-01"	978426
"2013-09-27"	"game-01"	809554
"2013-09-27"	"game-01"	574806
"2013-09-27"	"game-01"	634090
"2013-09-27"	"game-01"	176672
"2013-09-27"	"game-01"	270767
"2013-09-27"	"game-01"	838423
"2013-09-27"	"game-01"	452361
"2013-09-27"	"game-01"	745353
"2013-09-27"	"game-01"	841245
"2013-09-27"	"game-01"	425233
"2013-09-27"	"game-01"	501229
"2013-09-27"	"game-01"	246379
"2013-09-27"	"game-01"	434101
"2013-09-27"	"game-01"	632465
"2013-09-27"	"game-01"	974986
"2013-09-27"	"game-01"	376957
"2013-09-27"	"game-01"	196570
"2013-09-27"	"game-01"	469222
"2013-09-27"	"game-01"	446983
"2013-09-27"	"game-01"	882588
"2013-09-27"	"game-01"	639240
"2013-09-27"	"game-01"	972172
"2013-09-27"	"game-01"	736321
"2013-09-27"	"game-01"	839555
"2013-09-27"	"game-01"	861531
"2013-09-27"	"game-01"	10701
"2013-09-27"	"game-01"	871446
"2013-09-27"	"game-01"	393250
"2013-09-27"	"game-01"	90763
"2013-09-27"	"game-01"	923467
"2013-09-27"	"game-01"	570270
"2013-09-27"	"game-01"	403881
"2013-09-27"	"game-01"	488972
"2013-09-27"	"game-01"	805774
"2013-09-27"	"game-01"	993693
"2013-09-27"	"game-01"	343066
"2013-09-27"	"game-01"	922505
"2013-09-27"	"game-01"	963831
"2013-09-27"	"game-01"	609819
"2013-09-27"	"game-01"	272909
"2013-09-27"	"game-01"	983814
"2013-09-27"	"game-01"	825778
"2013-09-27"	"game-01"	531748
"2013-09-27"	"game-01"	54146
"2013-09-27"	"game-01"	597215
"2013-09-27"	"game-01"	134475
"2013-09-27"	"game-01"	722611
"2013-09-27"	"game-01"	537585
"2013-09-27"	"game-01"	534419
"2013-09-27"	"game-01"	108917
"2013-09-27"	"game-01"	439693
"2013-09-27"	"game-01"	405780
"2013-09-27"	"game-01"	23186
"2013-09-27"	"game-01"	735662
"2013-09-27"	"game-01"	491897
"2013-09-27"	"game-01"	283996
"2013-09-27"	"game-01"	21948
"2013-09-27"	"game-01"	683812
"2013-09-27"	"game-01"	159913
"2013-09-27"	"game-01"	398234
"2013-09-27"	"game-01"	743804
"2013-09-27"	"game-01"	603532
"2013-09-27"	"game-01"	530726
"2013-09-27"	"game-01"	503321
"2013-09-27"	"game-01"	752568
"2013-09-27"	"game-01"	673094
"2013-09-27"	"game-01"	285937
"2013-09-27"	"game-01"	246919
"2013-09-27"	"game-01"	575827
"2013-09-27"	"game-01"	837375
"2013-09-27"	"game-01"	357367
"2013-09-27"	"game-01"	736117
"2013-09-27"	"game-01"	351832
"2013-09-27"	"game-01"	430129
"2013-09-27"	"game-01"	615249
"2013-09-27"	"game-01"	237930
"2013-09-27"	"game-01"	763062
"2013-09-27"	"game-01"	789236
"2013-09-27"	"game-01"	893199
"2013-09-27"	"game-01"	703809
"2013-09-27"	"game-01"	100605
"2013-09-27"	"game-01"	813305
"2013-09-27"	"game-01"	972700
"2013-09-27"	"game-01"	96832
"2013-09-27"	"game-01"	58066
"2013-09-27"	"game-01"	251614
"2013-09-27"	"game-01"	974981
"2013-09-27"	"game-01"	305563
"2013-09-27"	"game-01"	543585
"2013-09-27"	"game-01"	817204
"2013-09-27"	"game-01"	774430
"2013-09-27"	"game-01"	911412
"2013-09-27"	"game-01"	571419
"2013-09-27"	"game-01"	278695
"2013-09-27"	"game-01"	120807
"2013-09-27"	"game-01"	577303
"2013-09-27"	"game-01"	524903
"2013-09-27"	"game-01"	906535
"2013-09-27"	"game-01"	601566
"2013-09-27"	"game-01"	72008
"2013-09-27"	"game-01"	901163
"2013-09-27"	"game-01"	626133
"2013-09-27"	"game-01"	705793
"2013-09-27"	"game-01"	231891
"2013-09-27"	"game-01"	138461
"2013-09-27"	"game-01"	489042
"2013-09-27"	"game-01"	690189
"2013-09-27"	"game-01"	995080
"2013-09-27"	"game-01"	218585
"2013-09-27"	"game-01"	223651
"2013-09-27"	"game-01"	113650
"2013-09-27"	"game-01"	218005
"2013-09-27"	"game-01"	242564
"2013-09-27"	"game-01"	732151
"2013-09-27"	"game-01"	263146
"2013-09-27"	"game-01"	405494
"2013-09-27"	"game-01"	383272
"2013-09-27"	"game-01"	826188
"2013-09-27"	"game-01"	470922
"2013-09-27"	"game-01"	370437
"2013-09-27"	"game-01"	628519
"2013-09-27"	"game-01"	519475
"2013-09-27"	"game-01"	621413
"2013-09-27"	"game-01"	672135
"2013-09-27"	"game-01"	892109
"2013-09-27"	"game-01"	606901
"2013-09-27"	"game-01"	17205
"2013-09-27"	"game-01"	901175
"2013-09-27"	"game-01"	312738
"2013-09-27"	"game-01"	938243
"2013-09-27"	"game-01"	232639
"2013-09-27"	"game-01"	336499
"2013-09-27"	"game-01"	792254
"2013-09-27"	"game-01"	301151
"2013-09-27"	"game-01"	566055
"2013-09-27"	"game-01"	168637
"2013-09-27"	"game-01"	564498
"2013-09-27"	"game-01"	483099
"2013-09-27"	"game-01"	875217
"2013-09-27"	"game-01"	334086
"2013-09-27"	"game-01"	108387
"2013-09-27"	"game-01"	293901
"2013-09-27"	"game-01"	94069
"2013-09-27"	"game-01"	146329
"2013-09-27"	"game-01"	246886
"2013-09-27"	"game-01"	884704
"2013-09-27"	"game-01"	721013
"2013-09-27"	"game-01"	293117
"2013-09-27"	"game-01"	221157
"2013-09-27"	"game-01"	270742
"2013-09-27"	"game-01"	940119
"2013-09-27"	"game-01"	139662
"2013-09-27"	"game-01"	932194
"2013-09-27"	"game-01"	389492
"2013-09-27"	"game-01"	710640
"2013-09-27"	"game-01"	241936
"2013-09-27"	"game-01"	211148
"2013-09-27"	"game-01"	688497
"2013-09-27"	"game-01"	117734
"2013-09-27"	"game-01"	880725
"2013-09-27"	"game-01"	8693
"2013-09-27"	"game-01"	581502
"2013-09-27"	"game-01"	861058
"2013-09-27"	"game-01"	489966
"2013-09-27"	"game-01"	157242
"2013-09-27"	"game-01"	646181
"2013-09-27"	"game-01"	422668
"2013-09-27"	"game-01"	985168
"2013-09-27"	"game-01"	835345
"2013-09-27"	"game-01"	468439
"2013-09-27"	"game-01"	265557
"2013-09-27"	"game-01"	966544
"2013-09-27"	"game-01"	479657
"2013-09-27"	"game-01"	40999
"2013-09-27"	"game-01"	25951
"2013-09-27"	"game-01"	798833
"2013-09-27"	"game-01"	808785
"2013-09-27"	"game-01"	230989
"2013-09-27"	"game-01"	38621
"2013-09-27"	"game-01"	449288
"2013-09-27"	"game-01"	394600
"2013-09-27"	"game-01"	284507
"2013-09-27"	"game-01"	659118
"2013-09-27"	"game-01"	816795
"2013-09-27"	"game-01"	936488
"2013-09-27"	"game-01"	410975
"2013-09-27"	"game-01"	915734
"2013-09-27"	"game-01"	554153
"2013-09-27"	"game-01"	558485
"2013-09-27"	"game-01"	273641
"2013-09-27"	"game-01"	834362
"2013-09-27"	"game-01"	820932
"2013-09-27"	"game-01"	936653
"2013-09-27"	"game-01"	90141
"2013-09-27"	"game-01"	316528
"2013-09-27"	"game-01"	215950
"2013-09-27"	"game-01"	142273
"2013-09-27"	"game-01"	235051
"2013-09-27"	"game-01"	452004
"2013-09-27"	"game-01"	968702
"2013-09-27"	"game-01"	581392
"2013-09-27"	"game-01"	749043
"2013-09-27"	"game-01"	367048
"2013-09-27"	"game-01"	800668
"2013-09-27"	"game-01"	442436
"2013-09-27"	"game-01"	47701
"2013-09-27"	"game-01"	148240
"2013-09-27"	"game-01"	493793
"2013-09-27"	"game-01"	498428
"2013-09-27"	"game-01"	354883
"2013-09-27"	"game-01"	848580
"2013-09-27"	"game-01"	171800
"2013-09-27"	"game-01"	47700
"2013-09-27"	"game-01"	270662
"2013-09-27"	"game-01"	175132
"2013-09-27"	"game-01"	499470
"2013-09-27"	"game-01"	355600
"2013-09-27"	"game-01"	134614
"2013-09-27"	"game-01"	344590
"2013-09-27"	"game-01"	248274
"2013-09-27"	"game-01"	26278
"2013-09-27"	"game-01"	177834
"2013-09-27"	"game-01"	619275
"2013-09-27"	"game-01"	154229
"2013-09-27"	"game-01"	712950
"2013-09-27"	"game-01"	856427
"2013-09-27"	"game-01"	414531
"2013-09-27"	"game-01"	402910
"2013-09-27"	"game-01"	460979
"2013-09-27"	"game-01"	950445
"2013-09-27"	"game-01"	683188
"2013-09-27"	"game-01"	576482
"2013-09-27"	"game-01"	152332
"2013-09-27"	"game-01"	265592
"2013-09-27"	"game-01"	605060
"2013-09-27"	"game-01"	56191
"2013-09-27"	"game-01"	769632
"2013-09-27"	"game-01"	465003
"2013-09-27"	"game-01"	660776
"2013-09-27"	"game-01"	361115
"2013-09-27"	"game-01"	505801
"2013-09-27"	"game-01"	248719
"2013-09-27"	"game-01"	159164
"2013-09-27"	"game-01"	362428
"2013-09-27"	"game-01"	371066
"2013-09-27"	"game-01"	794654
"2013-09-27"	"game-01"	860076
"2013-09-27"	"game-01"	467528
"2013-09-27"	"game-01"	804998
"2013-09-27"	"game-01"	581850
"2013-09-27"	"game-01"	358983
"2013-09-27"	"game-01"	813006
"2013-09-27"	"game-01"	498528
"2013-09-27"	"game-01"	829650
"2013-09-27"	"game-01"	238395
"2013-09-27"	"game-01"	343331
"2013-09-27"	"game-01"	398916
"2013-09-27"	"game-01"	859878
"2013-09-27"	"game-01"	691447
"2013-09-27"	"game-01"	619262
"2013-09-27"	"game-01"	680456
"2013-09-27"	"game-01"	161406
"2013-09-27"	"game-01"	204110
"2013-09-27"	"game-01"	509488
"2013-09-27"	"game-01"	586621
"2013-09-27"	"game-01"	275812
"2013-09-27"	"game-01"	609259
"2013-09-27"	"game-01"	907705
"2013-09-27"	"game-01"	23609
"2013-09-27"	"game-01"	828462
"2013-09-27"	"game-01"	698898
"2013-09-27"	"game-01"	819978
"2013-09-27"	"game-01"	395316
"2013-09-27"	"game-01"	995484
"2013-09-27"	"game-01"	611293
"2013-09-27"	"game-01"	965563
"2013-09-27"	"game-01"	607750
"2013-09-27"	"game-01"	997543
"2013-09-27"	"game-01"	645485
"2013-09-27"	"game-01"	107444
"2013-09-27"	"game-01"	818259
"2013-09-27"	"game-01"	863396
"2013-09-27"	"game-01"	493719
"2013-09-27"	"game-01"	527434
"2013-09-27"	"game-01"	703400
"2013-09-27"	"game-01"	337769
"2013-09-27"	"game-01"	677337
"2013-09-27"	"game-01"	990916
"2013-09-27"	"game-01"	976554
"2013-09-27"	"game-01"	522462
"2013-09-27"	"game-01"	603958
"2013-09-27"	"game-01"	632825
"2013-09-27"	"game-01"	992179
"2013-09-27"	"game-01"	970491
"2013-09-27"	"game-01"	740588
"2013-09-27"	"game-01"	460166
"2013-09-27"	"game-01"	627582
"2013-09-27"	"game-01"	893005
"2013-09-27"	"game-01"	352946
"2013-09-27"	"game-01"	196153
"2013-09-27"	"game-01"	393633
"2013-09-27"	"game-01"	130987
"2013-09-27"	"game-01"	596378
"2013-09-27"	"game-01"	191255
"2013-09-27"	"game-01"	170680
"2013-09-27"	"game-01"	368317
"2013-09-27"	"game-01"	281883
"2013-09-27"	"game-01"	407232
"2013-09-27"	"game-01"	432404
"2013-09-27"	"game-01"	390934
"2013-09-27"	"game-01"	101732
"2013-09-27"	"game-01"	617295
"2013-09-27"	"game-01"	615833
"2013-09-27"	"game-01"	112337
"2013-09-27"	"game-01"	675123
"2013-09-27"	"game-01"	959390
"2013-09-27"	"game-01"	554676
"2013-09-27"	"game-01"	61246
"2013-09-27"	"game-01"	613157
"2013-09-27"	"game-01"	426893
"2013-09-27"	"game-01"	2040
"2013-09-27"	"game-01"	377960
"2013-09-27"	"game-01"	703244
"2013-09-27"	"game-01"	73238
"2013-09-27"	"game-01"	397270
"2013-09-27"	"game-01"	419313
"2013-09-27"	"game-01"	856018
"2013-09-27"	"game-01"	312485
"2013-09-27"	"game-01"	66500
"2013-09-27"	"game-01"	472204
"2013-09-27"	"game-01"	132078
"2013-09-27"	"game-01"	725718
"2013-09-27"	"game-01"	176696
"2013-09-27"	"game-01"	994056
"2013-09-27"	"game-01"	828548
"2013-09-27"	"game-01"	138335
"2013-09-27"	"game-01"	785213
"2013-09-27"	"game-01"	969237
"2013-09-27"	"game-01"	795089
"2013-09-27"	"game-01"	208647
"2013-09-27"	"game-01"	526019
"2013-09-27"	"game-01"	200802
"2013-09-27"	"game-01"	852827
"2013-09-27"	"game-01"	281574
"2013-09-27"	"game-01"	82754
"2013-09-27"	"game-01"	263526
"2013-09-27"	"game-01"	443625
"2013-09-27"	"game-01"	465160
"2013-09-27"	"game-01"	128625
"2013-09-27"	"game-01"	704224
"2013-09-27"	"game-01"	685786
"2013-09-27"	"game-01"	389637
"2013-09-27"	"game-01"	131757
"2013-09-27"	"game-01"	839008
"2013-09-27"	"game-01"	118158
"2013-09-27"	"game-01"	311971
"2013-09-27"	"game-01"	909280
"2013-09-27"	"game-01"	848583
"2013-09-27"	"game-01"	458276
"2013-09-27"	"game-01"	240558
"2013-09-27"	"game-01"	114395
"2013-09-27"	"game-01"	466795
"2013-09-27"	"game-01"	699568
"2013-09-27"	"game-01"	592147
"2013-09-27"	"game-01"	469983
"2013-09-27"	"game-01"	69844
"2013-09-27"	"game-01"	691534
"2013-09-27"	"game-01"	288812
"2013-09-27"	"game-01"	660507
"2013-09-27"	"game-01"	544608
"2013-09-27"	"game-01"	465272
"2013-09-27"	"game-01"	549927
"2013-09-27"	"game-01"	766499
"2013-09-27"	"game-01"	656039
"2013-09-27"	"game-01"	18422
"2013-09-27"	"game-01"	186819
"2013-09-27"	"game-01"	15872
"2013-09-27"	"game-01"	31179
"2013-09-27"	"game-01"	382633
"2013-09-27"	"game-01"	29991
"2013-09-27"	"game-01"	181230
"2013-09-27"	"game-01"	664520
"2013-09-27"	"game-01"	159813
"2013-09-27"	"game-01"	879830
"2013-09-27"	"game-01"	191532
"2013-09-27"	"game-01"	38636
"2013-09-27"	"game-01"	602147
"2013-09-27"	"game-01"	153743
"2013-09-27"	"game-01"	51423
"2013-09-27"	"game-01"	621678
"2013-09-27"	"game-01"	54101
"2013-09-27"	"game-01"	521247
"2013-09-27"	"game-01"	283449
"2013-09-27"	"game-01"	682267
"2013-09-27"	"game-01"	300711
"2013-09-27"	"game-01"	137740
"2013-09-27"	"game-01"	837031
"2013-09-27"	"game-01"	91191
"2013-09-27"	"game-01"	822191
"2013-09-27"	"game-01"	778525
"2013-09-27"	"game-01"	76884
"2013-09-27"	"game-01"	948994
"2013-09-27"	"game-01"	210618
"2013-09-27"	"game-01"	169090
"2013-09-27"	"game-01"	230767
"2013-09-27"	"game-01"	424370
"2013-09-27"	"game-01"	910266
"2013-09-27"	"game-01"	127495
"2013-09-27"	"game-01"	692639
"2013-09-27"	"game-01"	579486
"2013-09-27"	"game-01"	161916
"2013-09-27"	"game-01"	778021
"2013-09-27"	"game-01"	53113
"2013-09-27"	"game-01"	772931
"2013-09-27"	"game-01"	691817
"2013-09-27"	"game-01"	582576
"2013-09-27"	"game-01"	524543
"2013-09-27"	"game-01"	28669
"2013-09-27"	"game-01"	593861
"2013-09-27"	"game-01"	66258
"2013-09-27"	"game-01"	472480
"2013-09-27"	"game-01"	966760
"2013-09-27"	"game-01"	628296
"2013-09-27"	"game-01"	463677
"2013-09-27"	"game-01"	715979
"2013-09-27"	"game-01"	445597
"2013-09-27"	"game-01"	1783
"2013-09-27"	"game-01"	872084
"2013-09-27"	"game-01"	873726
"2013-09-27"	"game-01"	547089
"2013-09-27"	"game-01"	109048
"2013-09-27"	"game-01"	179504
"2013-09-27"	"game-01"	808158
"2013-09-27"	"game-01"	228241
"2013-09-27"	"game-01"	793448
"2013-09-27"	"game-01"	367774
"2013-09-27"	"game-01"	649934
"2013-09-27"	"game-01"	523528
"2013-09-27"	"game-01"	349134
"2013-09-27"	"game-01"	503786
"2013-09-27"	"game-01"	472240
"2013-09-27"	"game-01"	333794
"2013-09-27"	"game-01"	21522
"2013-09-27"	"game-01"	300855
"2013-09-27"	"game-01"	859353
"2013-09-27"	"game-01"	78608
"2013-09-27"	"game-01"	66894
"2013-09-27"	"game-01"	611150
"2013-09-27"	"game-01"	683552
"2013-09-27"	"game-01"	271869
"2013-09-27"	"game-01"	576021
"2013-09-27"	"game-01"	271254
"2013-09-27"	"game-01"	935120
"2013-09-27"	"game-01"	732629
"2013-09-27"	"game-01"	430289
"2013-09-27"	"game-01"	355561
"2013-09-27"	"game-01"	626728
"2013-09-27"	"game-01"	428550
"2013-09-27"	"game-01"	899514
"2013-09-27"	"game-01"	557549
"2013-09-27"	"game-01"	723701
"2013-09-27"	"game-01"	697238
"2013-09-27"	"game-01"	578584
"2013-09-27"	"game-01"	262965
"2013-09-27"	"game-01"	58221
"2013-09-27"	"game-01"	708378
"2013-09-27"	"game-01"	145131
"2013-09-27"	"game-01"	374530
"2013-09-27"	"game-01"	526239
"2013-09-27"	"game-01"	1599
"2013-09-27"	"game-01"	718228
"2013-09-27"	"game-01"	601825
"2013-09-27"	"game-01"	405790
"2013-09-27"	"game-01"	486383
"2013-09-27"	"game-01"	944909
"2013-09-27"	"game-01"	351471
"2013-09-27"	"game-01"	166145
"2013-09-27"	"game-01"	831237
"2013-09-27"	"game-01"	258660
"2013-09-27"	"game-01"	962710
"2013-09-27"	"game-01"	821841
"2013-09-27"	"game-01"	287998
"2013-09-27"	"game-01"	189927
"2013-09-27"	"game-01"	832182
"2013-09-27"	"game-01"	521701
"2013-09-27"	"game-01"	45886
"2013-09-27"	"game-01"	48389
"2013-09-27"	"game-01"	418438
"2013-09-27"	"game-01"	903237
"2013-09-27"	"game-01"	831759
"2013-09-27"	"game-01"	320448
"2013-09-27"	"game-01"	529714
"2013-09-27"	"game-01"	309309
"2013-09-27"	"game-01"	671672
"2013-09-27"	"game-01"	442448
"2013-09-27"	"game-01"	652562
"2013-09-27"	"game-01"	770322
"2013-09-27"	"game-01"	270925
"2013-09-27"	"game-01"	275677
"2013-09-27"	"game-01"	659186
"2013-09-27"	"game-01"	417864
"2013-09-27"	"game-01"	362857
"2013-09-27"	"game-01"	338172
"2013-09-27"	"game-01"	508118
"2013-09-27"	"game-01"	786148
"2013-09-27"	"game-01"	638097
"2013-09-27"	"game-01"	407331
"2013-09-27"	"game-01"	248564
"2013-09-27"	"game-01"	389075
"2013-09-27"	"game-01"	371287
"2013-09-27"	"game-01"	291915
"2013-09-27"	"game-01"	398108
"2013-09-27"	"game-01"	880762
"2013-09-27"	"game-01"	450329
"2013-09-27"	"game-01"	294816
"2013-09-27"	"game-01"	889757
"2013-09-27"	"game-01"	628716
"2013-09-27"	"game-01"	47320
"2013-09-27"	"game-01"	404217
"2013-09-27"	"game-01"	821926
"2013-09-27"	"game-01"	556181
"2013-09-27"	"game-01"	862586
"2013-09-27"	"game-01"	147888
"2013-09-27"	"game-01"	834901
"2013-09-27"	"game-01"	595223
"2013-09-27"	"game-01"	565064
"2013-09-27"	"game-01"	922704
"2013-09-27"	"game-01"	140140
"2013-09-27"	"game-01"	236290
"2013-09-27"	"game-01"	914742
"2013-09-27"	"game-01"	56022
"2013-09-27"	"game-01"	800181
"2013-09-27"	"game-01"	366274
"2013-09-27"	"game-01"	320461
"2013-09-27"	"game-01"	865696
"2013-09-27"	"game-01"	206729
"2013-09-27"	"game-01"	159851
"2013-09-27"	"game-01"	715583
"2013-09-27"	"game-01"	78596
"2013-09-27"	"game-01"	501941
"2013-09-27"	"game-01"	106739
"2013-09-27"	"game-01"	104662
"2013-09-27"	"game-01"	698731
"2013-09-27"	"game-01"	367504
"2013-09-27"	"game-01"	614983
"2013-09-27"	"game-01"	364782
"2013-09-27"	"game-01"	236005
"2013-09-27"	"game-01"	994652
"2013-09-27"	"game-01"	586900
"2013-09-27"	"game-01"	415223
"2013-09-27"	"game-01"	897233
"2013-09-27"	"game-01"	2128
"2013-09-27"	"game-01"	525506
"2013-09-27"	"game-01"	705291
"2013-09-27"	"game-01"	958925
"2013-09-27"	"game-01"	215054
"2013-09-27"	"game-01"	483387
"2013-09-27"	"game-01"	345649
"2013-09-27"	"game-01"	999696
"2013-09-27"	"game-01"	283664
"2013-09-27"	"game-01"	360465
"2013-09-27"	"game-01"	21929
"2013-09-27"	"game-01"	195413
"2013-09-27"	"game-01"	11484
"2013-09-27"	"game-01"	435730
"2013-09-27"	"game-01"	128935
"2013-09-27"	"game-01"	800121
"2013-09-27"	"game-01"	717249
"2013-09-27"	"game-01"	535624
"2013-09-27"	"game-01"	348479
"2013-09-27"	"game-01"	683962
"2013-09-27"	"game-01"	82828
"2013-09-27"	"game-01"	13961
"2013-09-27"	"game-01"	296262
"2013-09-27"	"game-01"	478096
"2013-09-27"	"game-01"	655373
"2013-09-27"	"game-01"	270628
"2013-09-27"	"game-01"	16302
"2013-09-27"	"game-01"	867371
"2013-09-27"	"game-01"	72332
"2013-09-27"	"game-01"	370085
"2013-09-27"	"game-01"	250751
"2013-09-27"	"game-01"	731678
"2013-09-27"	"game-01"	558238
"2013-09-27"	"game-01"	822311
"2013-09-27"	"game-01"	234564
"2013-09-27"	"game-01"	150021
"2013-09-27"	"game-01"	841803
"2013-09-27"	"game-01"	936743
"2013-09-27"	"game-01"	382431
"2013-09-27"	"game-01"	245493
"2013-09-27"	"game-01"	841434
"2013-09-27"	"game-01"	766267
"2013-09-27"	"game-01"	930157
"2013-09-27"	"game-01"	869217
"2013-09-27"	"game-01"	869217
"2013-09-27"	"game-01"	928268
"2013-09-27"	"game-01"	574596
"2013-09-27"	"game-01"	898846
"2013-09-27"	"game-01"	877046
"2013-09-27"	"game-01"	384358
"2013-09-27"	"game-01"	656721
"2013-09-27"	"game-01"	772464
"2013-09-27"	"game-01"	645567
"2013-09-27"	"game-01"	676983
"2013-09-27"	"game-01"	900353
"2013-09-27"	"game-01"	123842
"2013-09-27"	"game-01"	326277
"2013-09-27"	"game-01"	83740
"2013-09-27"	"game-01"	249908
"2013-09-27"	"game-01"	358625
"2013-09-27"	"game-01"	319631
"2013-09-27"	"game-01"	504099
"2013-09-27"	"game-01"	109130
"2013-09-27"	"game-01"	30970
"2013-09-27"	"game-01"	821556
"2013-09-27"	"game-01"	71678
"2013-09-27"	"game-01"	579392
"2013-09-27"	"game-01"	679563
"2013-09-27"	"game-01"	682558
"2013-09-27"	"game-01"	544287
"2013-09-27"	"game-01"	41980
"2013-09-27"	"game-01"	552980
"2013-09-27"	"game-01"	798791
"2013-09-27"	"game-01"	974704
"2013-09-27"	"game-01"	849848
"2013-09-27"	"game-01"	395289
"2013-09-27"	"game-01"	354930
"2013-09-27"	"game-01"	491086
"2013-09-27"	"game-01"	83989
"2013-09-27"	"game-01"	386791
"2013-09-27"	"game-01"	319350
"2013-09-27"	"game-01"	218475
"2013-09-27"	"game-01"	921027
"2013-09-27"	"game-01"	463922
"2013-09-27"	"game-01"	945178
"2013-09-27"	"game-01"	674295
"2013-09-27"	"game-01"	745114
"2013-09-27"	"game-01"	932292
"2013-09-27"	"game-01"	331427
"2013-09-27"	"game-01"	325550
"2013-09-27"	"game-01"	915480
"2013-09-27"	"game-01"	503365
"2013-09-27"	"game-01"	360502
"2013-09-27"	"game-01"	832777
"2013-09-27"	"game-01"	415629
"2013-09-27"	"game-01"	946751
"2013-09-27"	"game-01"	388516
"2013-09-27"	"game-01"	300474
"2013-09-27"	"game-01"	656723
"2013-09-27"	"game-01"	943884
"2013-09-27"	"game-01"	277880
"2013-09-27"	"game-01"	106727
"2013-09-27"	"game-01"	259231
"2013-09-27"	"game-01"	7932
"2013-09-27"	"game-01"	143690
"2013-09-27"	"game-01"	574199
"2013-09-27"	"game-01"	561627
"2013-09-27"	"game-01"	603449
"2013-09-27"	"game-01"	216093
"2013-09-27"	"game-01"	771044
"2013-09-27"	"game-01"	57143
"2013-09-27"	"game-01"	691608
"2013-09-27"	"game-01"	304309
"2013-09-27"	"game-01"	759486
"2013-09-27"	"game-01"	458205
"2013-09-27"	"game-01"	909445
"2013-09-27"	"game-01"	288289
"2013-09-27"	"game-01"	237475
"2013-09-27"	"game-01"	854626
"2013-09-27"	"game-01"	77560
"2013-09-27"	"game-01"	49474
"2013-09-27"	"game-01"	266748
"2013-09-27"	"game-01"	579731
"2013-09-27"	"game-01"	712766
"2013-09-27"	"game-01"	628058
"2013-09-27"	"game-01"	13366
"2013-09-27"	"game-01"	202517
"2013-09-27"	"game-01"	246838
"2013-09-27"	"game-01"	486499
"2013-09-27"	"game-01"	606902
"2013-09-27"	"game-01"	141407
"2013-09-27"	"game-01"	75888
"2013-09-27"	"game-01"	699567
"2013-09-27"	"game-01"	551710
"2013-09-27"	"game-01"	462220
"2013-09-27"	"game-01"	716329
"2013-09-27"	"game-01"	518181
"2013-09-27"	"game-01"	684897
"2013-09-27"	"game-01"	227855
"2013-09-27"	"game-01"	744307
"2013-09-27"	"game-01"	921695
"2013-09-27"	"game-01"	130595
"2013-09-27"	"game-01"	825898
"2013-09-27"	"game-01"	395772
"2013-09-27"	"game-01"	444788
"2013-09-27"	"game-01"	132063
"2013-09-27"	"game-01"	690940
"2013-09-27"	"game-01"	821339
"2013-09-27"	"game-01"	957387
"2013-09-27"	"game-01"	469565
"2013-09-27"	"game-01"	824749
"2013-09-27"	"game-01"	75812
"2013-09-27"	"game-01"	133420
"2013-09-27"	"game-01"	25995
"2013-09-27"	"game-01"	381849
"2013-09-27"	"game-01"	488327
"2013-09-27"	"game-01"	216479
"2013-09-27"	"game-01"	656587
"2013-09-27"	"game-01"	470911
"2013-09-27"	"game-01"	987282
"2013-09-27"	"game-01"	98258
"2013-09-27"	"game-01"	842366
"2013-09-27"	"game-01"	729713
"2013-09-27"	"game-01"	911713
"2013-09-27"	"game-01"	713064
"2013-09-27"	"game-01"	854487
"2013-09-27"	"game-01"	112033
"2013-09-27"	"game-01"	707603
"2013-09-27"	"game-01"	841691
"2013-09-27"	"game-01"	145900
"2013-09-27"	"game-01"	734601
"2013-09-27"	"game-01"	174336
"2013-09-27"	"game-01"	22572
"2013-09-27"	"game-01"	751744
"2013-09-27"	"game-01"	234805
"2013-09-27"	"game-01"	570039
"2013-09-27"	"game-01"	635334
"2013-09-27"	"game-01"	927597
"2013-09-27"	"game-01"	414225
"2013-09-27"	"game-01"	78142
"2013-09-27"	"game-01"	484629
"2013-09-27"	"game-01"	87458
"2013-09-27"	"game-01"	916967
"2013-09-27"	"game-01"	706583
"2013-09-27"	"game-01"	33990
"2013-09-27"	"game-01"	143796
"2013-09-27"	"game-01"	402895
"2013-09-27"	"game-01"	455346
"2013-09-27"	"game-01"	993728
"2013-09-27"	"game-01"	202096
"2013-09-27"	"game-01"	280980
"2013-09-27"	"game-01"	96469
"2013-09-27"	"game-01"	76177
"2013-09-27"	"game-01"	720395
"2013-09-27"	"game-01"	145930
"2013-09-27"	"game-01"	194511
"2013-09-27"	"game-01"	541459
"2013-09-27"	"game-01"	723569
"2013-09-27"	"game-01"	60423
"2013-09-27"	"game-01"	187982
"2013-09-27"	"game-01"	75327
"2013-09-27"	"game-01"	425599
"2013-09-27"	"game-01"	856498
"2013-09-27"	"game-01"	99914
"2013-09-27"	"game-01"	365750
"2013-09-27"	"game-01"	589867
"2013-09-27"	"game-01"	914378
"2013-09-27"	"game-01"	240436
"2013-09-27"	"game-01"	312651
"2013-09-27"	"game-01"	742562
"2013-09-27"	"game-01"	833622
"2013-09-27"	"game-01"	612739
"2013-09-27"	"game-01"	381657
"2013-09-27"	"game-01"	561860
"2013-09-27"	"game-01"	810219
"2013-09-27"	"game-01"	387290
"2013-09-27"	"game-01"	653706
"2013-09-27"	"game-01"	77953
"2013-09-27"	"game-01"	480210
"2013-09-27"	"game-01"	533531
"2013-09-27"	"game-01"	480669
"2013-09-27"	"game-01"	209294
"2013-09-27"	"game-01"	993875
"2013-09-27"	"game-01"	701910
"2013-09-27"	"game-01"	639803
"2013-09-27"	"game-01"	239644
"2013-09-27"	"game-01"	951937
"2013-09-27"	"game-01"	952041
"2013-09-27"	"game-01"	893948
"2013-09-27"	"game-01"	56586
"2013-09-27"	"game-01"	546801
"2013-09-27"	"game-01"	474545
"2013-09-27"	"game-01"	585797
"2013-09-27"	"game-01"	565225
"2013-09-27"	"game-01"	19905
"2013-09-27"	"game-01"	510735
"2013-09-27"	"game-01"	333905
"2013-09-27"	"game-01"	166895
"2013-09-27"	"game-01"	250714
"2013-09-27"	"game-01"	385147
"2013-09-27"	"game-01"	98701
"2013-09-27"	"game-01"	858995
"2013-09-27"	"game-01"	827811
"2013-09-27"	"game-01"	742686
"2013-09-27"	"game-01"	466048
"2013-09-27"	"game-01"	915076
"2013-09-27"	"game-01"	592840
"2013-09-27"	"game-01"	219528
"2013-09-27"	"game-01"	886693
"2013-09-27"	"game-01"	33838
"2013-09-27"	"game-01"	697504
"2013-09-27"	"game-01"	160543
"2013-09-27"	"game-01"	588886
"2013-09-27"	"game-01"	369347
"2013-09-27"	"game-01"	530224
"2013-09-27"	"game-01"	589320
"2013-09-27"	"game-01"	982644
"2013-09-27"	"game-01"	918233
"2013-09-27"	"game-01"	872874
"2013-09-27"	"game-01"	119026
"2013-09-27"	"game-01"	412940
"2013-09-27"	"game-01"	912996
"2013-09-27"	"game-01"	196835
"2013-09-27"	"game-01"	257225
"2013-09-27"	"game-01"	668949
"2013-09-27"	"game-01"	686274
"2013-09-27"	"game-01"	371710
"2013-09-27"	"game-01"	935283
"2013-09-27"	"game-01"	565087
"2013-09-27"	"game-01"	516706
"2013-09-27"	"game-01"	267358
"2013-09-27"	"game-01"	906480
"2013-09-27"	"game-01"	71612
"2013-09-27"	"game-01"	621382
"2013-09-27"	"game-01"	918577
"2013-09-27"	"game-01"	846836
"2013-09-27"	"game-01"	160474
"2013-09-27"	"game-01"	270471
"2013-09-27"	"game-01"	808967
"2013-09-27"	"game-01"	786429
"2013-09-27"	"game-01"	154534
"2013-09-27"	"game-01"	485277
"2013-09-27"	"game-01"	555847
"2013-09-27"	"game-01"	894195
"2013-09-27"	"game-01"	741755
"2013-09-27"	"game-01"	863185
"2013-09-27"	"game-01"	769801
"2013-09-27"	"game-01"	349649
"2013-09-27"	"game-01"	942127
"2013-09-27"	"game-01"	468620
"2013-09-27"	"game-01"	727469
"2013-09-27"	"game-01"	85853
"2013-09-27"	"game-01"	318181
"2013-09-27"	"game-01"	681741
"2013-09-27"	"game-01"	786229
"2013-09-27"	"game-01"	465285
"2013-09-27"	"game-01"	289629
"2013-09-27"	"game-01"	640418
"2013-09-27"	"game-01"	828103
"2013-09-27"	"game-01"	490752
"2013-09-27"	"game-01"	62170
"2013-09-27"	"game-01"	496411
"2013-09-27"	"game-01"	587954
"2013-09-27"	"game-01"	152099
"2013-09-27"	"game-01"	74119
"2013-09-27"	"game-01"	243383
"2013-09-27"	"game-01"	132454
"2013-09-27"	"game-01"	514307
"2013-09-27"	"game-01"	679122
"2013-09-27"	"game-01"	672930
"2013-09-27"	"game-01"	723622
"2013-09-27"	"game-01"	285406
"2013-09-27"	"game-01"	74343
"2013-09-27"	"game-01"	957571
"2013-09-27"	"game-01"	623081
"2013-09-27"	"game-01"	341113
"2013-09-27"	"game-01"	934231
"2013-09-27"	"game-01"	970789
"2013-09-27"	"game-01"	821590
"2013-09-27"	"game-01"	536330
"2013-09-27"	"game-01"	174644
"2013-09-27"	"game-01"	5723
"2013-09-27"	"game-01"	918833
"2013-09-27"	"game-01"	706285
"2013-09-27"	"game-01"	15547
"2013-09-27"	"game-01"	981776
"2013-09-27"	"game-01"	502671
"2013-09-27"	"game-01"	224289
"2013-09-27"	"game-01"	834641
"2013-09-27"	"game-01"	900014
"2013-09-27"	"game-01"	475610
"2013-09-27"	"game-01"	470424
"2013-09-27"	"game-01"	298539
"2013-09-27"	"game-01"	619909
"2013-09-27"	"game-01"	791719
"2013-09-27"	"game-01"	264490
"2013-09-27"	"game-01"	176749
"2013-09-27"	"game-01"	309904
"2013-09-27"	"game-01"	473948
"2013-09-27"	"game-01"	590480
"2013-09-27"	"game-01"	664920
"2013-09-27"	"game-01"	257501
"2013-09-27"	"game-01"	861994
"2013-09-27"	"game-01"	756361
"2013-09-27"	"game-01"	289168
"2013-09-27"	"game-01"	796708
"2013-09-27"	"game-01"	339292
"2013-09-27"	"game-01"	326461
"2013-09-27"	"game-01"	349053
"2013-09-27"	"game-01"	138540
"2013-09-27"	"game-01"	701689
"2013-09-27"	"game-01"	657407
"2013-09-27"	"game-01"	745127
"2013-09-27"	"game-01"	623944
"2013-09-27"	"game-01"	193509
"2013-09-27"	"game-01"	225838
"2013-09-27"	"game-01"	370927
"2013-09-27"	"game-01"	279985
"2013-09-27"	"game-01"	668507
"2013-09-27"	"game-01"	546055
"2013-09-27"	"game-01"	920450
"2013-09-27"	"game-01"	808258
"2013-09-27"	"game-01"	864411
"2013-09-27"	"game-01"	669734
"2013-09-27"	"game-01"	796405
"2013-09-27"	"game-01"	439323
"2013-09-27"	"game-01"	573263
"2013-09-27"	"game-01"	472430
"2013-09-27"	"game-01"	717433
"2013-09-27"	"game-01"	868479
"2013-09-27"	"game-01"	248563
"2013-09-27"	"game-01"	804897
"2013-09-27"	"game-01"	572077
"2013-09-27"	"game-01"	169047
"2013-09-27"	"game-01"	878590
"2013-09-27"	"game-01"	737557
"2013-09-27"	"game-01"	491434
"2013-09-27"	"game-01"	305355
"2013-09-27"	"game-01"	965096
"2013-09-27"	"game-01"	976433
"2013-09-27"	"game-01"	702387
"2013-09-27"	"game-01"	57149
"2013-09-27"	"game-01"	348831
"2013-09-27"	"game-01"	579279
"2013-09-27"	"game-01"	546913
"2013-09-27"	"game-01"	973536
"2013-09-27"	"game-01"	814542
"2013-09-27"	"game-01"	904944
"2013-09-27"	"game-01"	81013
"2013-09-27"	"game-01"	716316
"2013-09-27"	"game-01"	427949
"2013-09-27"	"game-01"	460880
"2013-09-27"	"game-01"	788990
"2013-09-27"	"game-01"	236267
"2013-09-27"	"game-01"	32547
"2013-09-27"	"game-01"	527881
"2013-09-27"	"game-01"	891580
"2013-09-27"	"game-01"	972820
"2013-09-27"	"game-01"	763289
"2013-09-27"	"game-01"	466309
"2013-09-27"	"game-01"	20021
"2013-09-27"	"game-01"	621995
"2013-09-27"	"game-01"	268944
"2013-09-27"	"game-01"	367093
"2013-09-27"	"game-01"	198613
"2013-09-27"	"game-01"	947649
"2013-09-27"	"game-01"	220713
"2013-09-27"	"game-01"	144423
"2013-09-27"	"game-01"	684813
"2013-09-27"	"game-01"	630729
"2013-09-27"	"game-01"	904499
"2013-09-27"	"game-01"	705655
"2013-09-27"	"game-01"	213635
"2013-09-27"	"game-01"	918333
"2013-09-27"	"game-01"	854994
"2013-09-27"	"game-01"	81892
"2013-09-27"	"game-01"	889077
"2013-09-27"	"game-01"	120216
"2013-09-27"	"game-01"	24826
"2013-09-27"	"game-01"	143553
"2013-09-27"	"game-01"	245343
"2013-09-27"	"game-01"	471735
"2013-09-27"	"game-01"	727664
"2013-09-27"	"game-01"	496036
"2013-09-27"	"game-01"	65239
"2013-09-27"	"game-01"	313459
"2013-09-27"	"game-01"	141288
"2013-09-27"	"game-01"	133040
"2013-09-27"	"game-01"	841698
"2013-09-27"	"game-01"	534618
"2013-09-27"	"game-01"	885581
"2013-09-27"	"game-01"	652997
"2013-09-27"	"game-01"	417257
"2013-09-27"	"game-01"	301438
"2013-09-27"	"game-01"	752050
"2013-09-27"	"game-01"	550756
"2013-09-27"	"game-01"	324162
"2013-09-27"	"game-01"	468398
"2013-09-27"	"game-01"	605751
"2013-09-27"	"game-01"	427447
"2013-09-27"	"game-01"	826075
"2013-09-27"	"game-01"	997472
"2013-09-27"	"game-01"	342139
"2013-09-27"	"game-01"	975138
"2013-09-27"	"game-01"	815001
"2013-09-27"	"game-01"	382146
"2013-09-27"	"game-01"	271087
"2013-09-27"	"game-01"	485017
"2013-09-27"	"game-01"	367768
"2013-09-27"	"game-01"	250840
"2013-09-27"	"game-01"	27582
"2013-09-27"	"game-01"	296851
"2013-09-27"	"game-01"	164187
"2013-09-27"	"game-01"	978282
"2013-09-27"	"game-01"	296511
"2013-09-27"	"game-01"	296511
"2013-09-27"	"game-01"	215854
"2013-09-27"	"game-01"	733795
"2013-09-27"	"game-01"	391887
"2013-09-27"	"game-01"	477292
"2013-09-27"	"game-01"	349400
"2013-09-27"	"game-01"	687335
"2013-09-27"	"game-01"	668390
"2013-09-27"	"game-01"	579984
"2013-09-27"	"game-01"	855689
"2013-09-27"	"game-01"	112352
"2013-09-27"	"game-01"	428336
"2013-09-27"	"game-01"	206624
"2013-09-27"	"game-01"	459318
"2013-09-27"	"game-01"	328391
"2013-09-27"	"game-01"	482483
"2013-09-27"	"game-01"	857454
"2013-09-27"	"game-01"	107631
"2013-09-27"	"game-01"	769778
"2013-09-27"	"game-01"	139694
"2013-09-27"	"game-01"	971043
"2013-09-27"	"game-01"	414474
"2013-09-27"	"game-01"	841433
"2013-09-27"	"game-01"	17681
"2013-09-27"	"game-01"	431549
"2013-09-27"	"game-01"	407160
"2013-09-27"	"game-01"	278992
"2013-09-27"	"game-01"	870986
"2013-09-27"	"game-01"	854596
"2013-09-27"	"game-01"	787679
"2013-09-27"	"game-01"	739007
"2013-09-27"	"game-01"	154201
"2013-09-27"	"game-01"	793108
"2013-09-27"	"game-01"	111765
"2013-09-27"	"game-01"	452851
"2013-09-27"	"game-01"	536682
"2013-09-27"	"game-01"	770954
"2013-09-27"	"game-01"	263390
"2013-09-27"	"game-01"	307192
"2013-09-27"	"game-01"	84788
"2013-09-27"	"game-01"	244441
"2013-09-27"	"game-01"	620044
"2013-09-27"	"game-01"	248538
"2013-09-27"	"game-01"	234948
"2013-09-27"	"game-01"	5549
"2013-09-27"	"game-01"	83136
"2013-09-27"	"game-01"	931522
"2013-09-27"	"game-01"	910625
"2013-09-27"	"game-01"	654934
"2013-09-27"	"game-01"	832600
"2013-09-27"	"game-01"	873905
"2013-09-27"	"game-01"	587111
"2013-09-27"	"game-01"	861393
"2013-09-27"	"game-01"	93570
"2013-09-27"	"game-01"	167327
"2013-09-27"	"game-01"	98666
"2013-09-27"	"game-01"	225234
"2013-09-27"	"game-01"	164099
"2013-09-27"	"game-01"	67061
"2013-09-27"	"game-01"	232435
"2013-09-27"	"game-01"	668556
"2013-09-27"	"game-01"	308337
"2013-09-27"	"game-01"	873940
"2013-09-27"	"game-01"	119858
"2013-09-27"	"game-01"	630096
"2013-09-27"	"game-01"	54850
"2013-09-27"	"game-01"	945530
"2013-09-27"	"game-01"	440454
"2013-09-27"	"game-01"	254325
"2013-09-27"	"game-01"	961225
"2013-09-27"	"game-01"	472956
"2013-09-27"	"game-01"	620842
"2013-09-27"	"game-01"	11839
"2013-09-27"	"game-01"	843436
"2013-09-27"	"game-01"	285910
"2013-09-27"	"game-01"	731695
"2013-09-27"	"game-01"	562751
"2013-09-27"	"game-01"	22349
"2013-09-27"	"game-01"	192872
"2013-09-27"	"game-01"	647861
"2013-09-27"	"game-01"	974654
"2013-09-27"	"game-01"	816892
"2013-09-27"	"game-01"	374193
"2013-09-27"	"game-01"	415995
"2013-09-27"	"game-01"	926321
"2013-09-27"	"game-01"	321909
"2013-09-27"	"game-01"	537682
"2013-09-27"	"game-01"	862072
"2013-09-27"	"game-01"	526252
"2013-09-27"	"game-01"	288034
"2013-09-27"	"game-01"	846465
"2013-09-27"	"game-01"	817397
"2013-09-27"	"game-01"	584765
"2013-09-27"	"game-01"	369737
"2013-09-27"	"game-01"	559398
"2013-09-27"	"game-01"	948009
"2013-09-27"	"game-01"	860106
"2013-09-27"	"game-01"	241204
"2013-09-27"	"game-01"	213153
"2013-09-27"	"game-01"	879831
"2013-09-27"	"game-01"	906641
"2013-09-27"	"game-01"	546037
"2013-09-27"	"game-01"	734110
"2013-09-27"	"game-01"	672347
"2013-09-27"	"game-01"	200065
"2013-09-27"	"game-01"	20544
"2013-09-27"	"game-01"	869609
"2013-09-27"	"game-01"	201566
"2013-09-27"	"game-01"	484737
"2013-09-27"	"game-01"	846492
"2013-09-27"	"game-01"	471120
"2013-09-27"	"game-01"	487277
"2013-09-27"	"game-01"	550816
"2013-09-27"	"game-01"	820621
"2013-09-27"	"game-01"	909395
"2013-09-27"	"game-01"	474479
"2013-09-27"	"game-01"	279702
"2013-09-27"	"game-01"	140453
"2013-09-27"	"game-01"	207446
"2013-09-27"	"game-01"	160317
"2013-09-27"	"game-01"	16684
"2013-09-27"	"game-01"	408152
"2013-09-27"	"game-01"	957803
"2013-09-27"	"game-01"	370318
"2013-09-27"	"game-01"	52310
"2013-09-27"	"game-01"	698408
"2013-09-27"	"game-01"	142541
"2013-09-27"	"game-01"	591047
"2013-09-27"	"game-01"	336299
"2013-09-27"	"game-01"	468474
"2013-09-27"	"game-01"	721662
"2013-09-27"	"game-01"	519763
"2013-09-27"	"game-01"	191253
"2013-09-27"	"game-01"	573764
"2013-09-27"	"game-01"	373171
"2013-09-27"	"game-01"	465021
"2013-09-27"	"game-01"	154059
"2013-09-27"	"game-01"	910825
"2013-09-27"	"game-01"	80472
"2013-09-27"	"game-01"	992894
"2013-09-27"	"game-01"	593639
"2013-09-27"	"game-01"	404733
"2013-09-27"	"game-01"	57320
"2013-09-27"	"game-01"	299359
"2013-09-27"	"game-01"	888608
"2013-09-27"	"game-01"	575549
"2013-09-27"	"game-01"	649489
"2013-09-27"	"game-01"	590033
"2013-09-27"	"game-01"	95915
"2013-09-27"	"game-01"	152800
"2013-09-27"	"game-01"	831134
"2013-09-27"	"game-01"	957586
"2013-09-27"	"game-01"	389177
"2013-09-27"	"game-01"	548263
"2013-09-27"	"game-01"	898326
"2013-09-27"	"game-01"	780983
"2013-09-27"	"game-01"	708549
"2013-09-27"	"game-01"	288636
"2013-09-27"	"game-01"	96855
"2013-09-27"	"game-01"	936068
"2013-09-27"	"game-01"	484854
"2013-09-27"	"game-01"	474071
"2013-09-27"	"game-01"	425553
"2013-09-27"	"game-01"	792680
"2013-09-27"	"game-01"	600591
"2013-09-27"	"game-01"	555337
"2013-09-27"	"game-01"	729385
"2013-09-27"	"game-01"	98265
"2013-09-27"	"game-01"	604688
"2013-09-27"	"game-01"	672980
"2013-09-27"	"game-01"	205017
"2013-09-27"	"game-01"	738097
"2013-09-27"	"game-01"	108801
"2013-09-27"	"game-01"	625812
"2013-09-27"	"game-01"	60643
"2013-09-27"	"game-01"	905541
"2013-09-27"	"game-01"	27551
"2013-09-27"	"game-01"	773169
"2013-09-27"	"game-01"	253417
"2013-09-27"	"game-01"	663223
"2013-09-27"	"game-01"	964989
"2013-09-27"	"game-01"	973028
"2013-09-27"	"game-01"	464723
"2013-09-27"	"game-01"	180602
"2013-09-27"	"game-01"	231522
"2013-09-27"	"game-01"	124632
"2013-09-27"	"game-01"	307511
"2013-09-27"	"game-01"	919280
"2013-09-27"	"game-01"	130378
"2013-09-27"	"game-01"	802362
"2013-09-27"	"game-01"	808393
"2013-09-27"	"game-01"	6953
"2013-09-27"	"game-01"	897569
"2013-09-27"	"game-01"	624284
"2013-09-27"	"game-01"	570832
"2013-09-27"	"game-01"	804017
"2013-09-27"	"game-01"	897539
"2013-09-27"	"game-01"	565450
"2013-09-27"	"game-01"	369130
"2013-09-27"	"game-01"	829822
"2013-09-27"	"game-01"	914358
"2013-09-27"	"game-01"	865544
"2013-09-27"	"game-01"	440135
"2013-09-27"	"game-01"	747807
"2013-09-27"	"game-01"	607696
"2013-09-27"	"game-01"	123804
"2013-09-27"	"game-01"	875861
"2013-09-27"	"game-01"	842356
"2013-09-27"	"game-01"	797089
"2013-09-27"	"game-01"	756282
"2013-09-27"	"game-01"	486828
"2013-09-27"	"game-01"	288113
"2013-09-27"	"game-01"	661479
"2013-09-27"	"game-01"	420779
"2013-09-27"	"game-01"	328089
"2013-09-27"	"game-01"	905642
"2013-09-27"	"game-01"	946635
"2013-09-27"	"game-01"	529613
"2013-09-27"	"game-01"	161766
"2013-09-27"	"game-01"	198195
"2013-09-27"	"game-01"	469860
"2013-09-27"	"game-01"	456127
"2013-09-27"	"game-01"	556233
"2013-09-27"	"game-01"	198390
"2013-09-27"	"game-01"	194688
"2013-09-27"	"game-01"	953959
"2013-09-27"	"game-01"	934173
"2013-09-27"	"game-01"	989776
"2013-09-27"	"game-01"	17326
"2013-09-27"	"game-01"	308122
"2013-09-27"	"game-01"	809263
"2013-09-27"	"game-01"	449419
"2013-09-27"	"game-01"	120758
"2013-09-27"	"game-01"	444903
"2013-09-27"	"game-01"	280064
"2013-09-27"	"game-01"	785885
"2013-09-27"	"game-01"	597559
"2013-09-27"	"game-01"	546485
"2013-09-27"	"game-01"	455298
"2013-09-27"	"game-01"	5465
"2013-09-27"	"game-01"	112801
"2013-09-27"	"game-01"	968567
"2013-09-27"	"game-01"	574659
"2013-09-27"	"game-01"	574659
"2013-09-27"	"game-01"	19010
"2013-09-27"	"game-01"	659343
"2013-09-27"	"game-01"	893526
"2013-09-27"	"game-01"	25325
"2013-09-27"	"game-01"	657534
"2013-09-27"	"game-01"	629322
"2013-09-27"	"game-01"	78932
"2013-09-27"	"game-01"	959923
"2013-09-27"	"game-01"	694759
"2013-09-27"	"game-01"	46207
"2013-09-27"	"game-01"	387441
"2013-09-27"	"game-01"	602497
"2013-09-27"	"game-01"	67082
"2013-09-27"	"game-01"	463576
"2013-09-27"	"game-01"	928313
"2013-09-27"	"game-01"	921347
"2013-09-27"	"game-01"	430905
"2013-09-27"	"game-01"	15515
"2013-09-27"	"game-01"	775145
"2013-09-27"	"game-01"	239145
"2013-09-27"	"game-01"	84773
"2013-09-27"	"game-01"	178987
"2013-09-27"	"game-01"	239045
"2013-09-27"	"game-01"	643667
"2013-09-27"	"game-01"	782603
"2013-09-27"	"game-01"	561534
"2013-09-27"	"game-01"	23150
"2013-09-27"	"game-01"	538218
"2013-09-27"	"game-01"	940378
"2013-09-27"	"game-01"	808418
"2013-09-27"	"game-01"	313508
"2013-09-27"	"game-01"	441514
"2013-09-27"	"game-01"	538791
"2013-09-27"	"game-01"	74747
"2013-09-27"	"game-01"	666166
"2013-09-27"	"game-01"	623949
"2013-09-27"	"game-01"	234959
"2013-09-27"	"game-01"	584822
"2013-09-27"	"game-01"	5989
"2013-09-27"	"game-01"	724200
"2013-09-27"	"game-01"	763156
"2013-09-27"	"game-01"	188217
"2013-09-27"	"game-01"	675767
"2013-09-27"	"game-01"	867665
"2013-09-27"	"game-01"	373064
"2013-09-27"	"game-01"	321441
"2013-09-27"	"game-01"	142777
"2013-09-27"	"game-01"	636095
"2013-09-27"	"game-01"	666714
"2013-09-27"	"game-01"	782773
"2013-09-27"	"game-01"	934451
"2013-09-27"	"game-01"	468548
"2013-09-27"	"game-01"	444136
"2013-09-27"	"game-01"	264714
"2013-09-27"	"game-01"	433408
"2013-09-27"	"game-01"	301387
"2013-09-27"	"game-01"	117187
"2013-09-27"	"game-01"	869007
"2013-09-27"	"game-01"	990663
"2013-09-27"	"game-01"	698894
"2013-09-27"	"game-01"	638998
"2013-09-27"	"game-01"	3036
"2013-09-27"	"game-01"	12224
"2013-09-27"	"game-01"	667801
"2013-09-27"	"game-01"	57554
"2013-09-27"	"game-01"	308730
"2013-09-27"	"game-01"	99774
"2013-09-27"	"game-01"	819198
"2013-09-27"	"game-01"	672266
"2013-09-27"	"game-01"	544889
"2013-09-27"	"game-01"	66180
"2013-09-27"	"game-01"	138468
"2013-09-27"	"game-01"	807523
"2013-09-27"	"game-01"	556546
"2013-09-27"	"game-01"	434060
"2013-09-27"	"game-01"	162826
"2013-09-27"	"game-01"	572196
"2013-09-27"	"game-01"	507632
"2013-09-27"	"game-01"	392725
"2013-09-27"	"game-01"	461189
"2013-09-27"	"game-01"	928531
"2013-09-27"	"game-01"	42633
"2013-09-27"	"game-01"	737586
"2013-09-27"	"game-01"	682907
"2013-09-27"	"game-01"	893209
"2013-09-27"	"game-01"	138821
"2013-09-27"	"game-01"	174068
"2013-09-27"	"game-01"	507447
"2013-09-27"	"game-01"	858225
"2013-09-27"	"game-01"	589893
"2013-09-27"	"game-01"	372062
"2013-09-27"	"game-01"	893218
"2013-09-27"	"game-01"	528681
"2013-09-27"	"game-01"	413910
"2013-09-27"	"game-01"	771736
"2013-09-27"	"game-01"	210720
"2013-09-27"	"game-01"	96811
"2013-09-27"	"game-01"	896519
"2013-09-27"	"game-01"	390866
"2013-09-27"	"game-01"	516037
"2013-09-27"	"game-01"	464858
"2013-09-27"	"game-01"	682425
"2013-09-27"	"game-01"	918234
"2013-09-27"	"game-01"	776265
"2013-09-27"	"game-01"	205680
"2013-09-27"	"game-01"	782678
"2013-09-27"	"game-01"	710071
"2013-09-27"	"game-01"	28254
"2013-09-27"	"game-01"	623330
"2013-09-27"	"game-01"	87311
"2013-09-27"	"game-01"	307593
"2013-09-27"	"game-01"	476337
"2013-09-27"	"game-01"	929615
"2013-09-27"	"game-01"	446395
"2013-09-27"	"game-01"	671928
"2013-09-27"	"game-01"	278289
"2013-09-27"	"game-01"	986302
"2013-09-27"	"game-01"	432829
"2013-09-27"	"game-01"	736251
"2013-09-27"	"game-01"	327687
"2013-09-27"	"game-01"	20876
"2013-09-27"	"game-01"	612241
"2013-09-27"	"game-01"	731410
"2013-09-27"	"game-01"	475061
"2013-09-27"	"game-01"	371210
"2013-09-27"	"game-01"	776390
"2013-09-27"	"game-01"	765938
"2013-09-27"	"game-01"	223056
"2013-09-27"	"game-01"	292424
"2013-09-27"	"game-01"	503971
"2013-09-27"	"game-01"	646554
"2013-09-27"	"game-01"	550673
"2013-09-27"	"game-01"	139979
"2013-09-27"	"game-01"	213802
"2013-09-27"	"game-01"	539513
"2013-09-27"	"game-01"	315495
"2013-09-27"	"game-01"	315840
"2013-09-27"	"game-01"	131595
"2013-09-27"	"game-01"	912438
"2013-09-27"	"game-01"	782256
"2013-09-27"	"game-01"	592250
"2013-09-27"	"game-01"	759356
"2013-09-27"	"game-01"	334571
"2013-09-27"	"game-01"	956392
"2013-09-27"	"game-01"	570944
"2013-09-27"	"game-01"	714122
"2013-09-27"	"game-01"	523855
"2013-09-27"	"game-01"	425796
"2013-09-27"	"game-01"	604082
"2013-09-27"	"game-01"	315026
"2013-09-27"	"game-01"	881981
"2013-09-27"	"game-01"	581483
"2013-09-27"	"game-01"	861763
"2013-09-27"	"game-01"	725753
"2013-09-27"	"game-01"	463534
"2013-09-27"	"game-01"	646691
"2013-09-27"	"game-01"	363974
"2013-09-27"	"game-01"	685596
"2013-09-27"	"game-01"	410103
"2013-09-27"	"game-01"	570722
"2013-09-27"	"game-01"	857583
"2013-09-27"	"game-01"	1200
"2013-09-27"	"game-01"	888823
"2013-09-27"	"game-01"	471299
"2013-09-27"	"game-01"	436029
"2013-09-27"	"game-01"	630922
"2013-09-27"	"game-01"	323123
"2013-09-27"	"game-01"	248160
"2013-09-27"	"game-01"	460925
"2013-09-27"	"game-01"	946142
"2013-09-27"	"game-01"	826677
"2013-09-27"	"game-01"	619946
"2013-09-27"	"game-01"	696831
"2013-09-27"	"game-01"	995566
"2013-09-27"	"game-01"	966128
"2013-09-27"	"game-01"	447732
"2013-09-27"	"game-01"	265583
"2013-09-27"	"game-01"	861942
"2013-09-27"	"game-01"	492899
"2013-09-27"	"game-01"	64730
"2013-09-27"	"game-01"	826697
"2013-09-27"	"game-01"	416434
"2013-09-27"	"game-01"	30517
"2013-09-27"	"game-01"	402790
"2013-09-27"	"game-01"	119123
"2013-09-27"	"game-01"	403200
"2013-09-27"	"game-01"	642929
"2013-09-27"	"game-01"	696594
"2013-09-27"	"game-01"	602366
"2013-09-27"	"game-01"	747248
"2013-09-27"	"game-01"	442518
"2013-09-27"	"game-01"	781717
"2013-09-27"	"game-01"	535307
"2013-09-27"	"game-01"	271978
"2013-09-27"	"game-01"	793408
"2013-09-27"	"game-01"	333288
"2013-09-27"	"game-01"	888809
"2013-09-27"	"game-01"	992969
"2013-09-27"	"game-01"	990051
"2013-09-27"	"game-01"	208735
"2013-09-27"	"game-01"	273098
"2013-09-27"	"game-01"	707509
"2013-09-27"	"game-01"	843313
"2013-09-27"	"game-01"	643502
"2013-09-27"	"game-01"	473330
"2013-09-27"	"game-01"	306825
"2013-09-27"	"game-01"	477351
"2013-09-27"	"game-01"	856610
"2013-09-27"	"game-01"	610614
"2013-09-27"	"game-01"	938729
"2013-09-27"	"game-01"	189649
"2013-09-27"	"game-01"	327519
"2013-09-27"	"game-01"	625542
"2013-09-27"	"game-01"	621634
"2013-09-27"	"game-01"	640239
"2013-09-27"	"game-01"	569394
"2013-09-27"	"game-01"	295621
"2013-09-27"	"game-01"	336139
"2013-09-27"	"game-01"	786037
"2013-09-27"	"game-01"	198611
"2013-09-27"	"game-01"	437072
"2013-09-27"	"game-01"	521322
"2013-09-27"	"game-01"	128160
"2013-09-27"	"game-01"	440094
"2013-09-27"	"game-01"	514621
"2013-09-27"	"game-01"	655946
"2013-09-27"	"game-01"	678417
"2013-09-27"	"game-01"	769188
"2013-09-27"	"game-01"	637588
"2013-09-27"	"game-01"	796237
"2013-09-27"	"game-01"	728720
"2013-09-27"	"game-01"	715717
"2013-09-27"	"game-01"	568000
"2013-09-27"	"game-01"	236803
"2013-09-27"	"game-01"	404727
"2013-09-27"	"game-01"	657572
"2013-09-27"	"game-01"	549054
"2013-09-27"	"game-01"	281801
"2013-09-27"	"game-01"	174896
"2013-09-27"	"game-01"	768111
"2013-09-27"	"game-01"	29776
"2013-09-27"	"game-01"	461395
"2013-09-27"	"game-01"	196445
"2013-09-27"	"game-01"	178926
"2013-09-27"	"game-01"	974917
"2013-09-27"	"game-01"	771312
"2013-09-27"	"game-01"	535124
"2013-09-27"	"game-01"	881492
"2013-09-27"	"game-01"	707685
"2013-09-27"	"game-01"	296949
"2013-09-27"	"game-01"	119047
"2013-09-27"	"game-01"	339238
"2013-09-27"	"game-01"	721428
"2013-09-27"	"game-01"	981653
"2013-09-27"	"game-01"	313478
"2013-09-27"	"game-01"	55610
"2013-09-27"	"game-01"	556215
"2013-09-27"	"game-01"	299097
"2013-09-27"	"game-01"	476994
"2013-09-27"	"game-01"	602483
"2013-09-27"	"game-01"	850043
"2013-09-27"	"game-01"	181357
"2013-09-27"	"game-01"	149246
"2013-09-27"	"game-01"	62580
"2013-09-27"	"game-01"	989282
"2013-09-27"	"game-01"	32601
"2013-09-27"	"game-01"	107628
"2013-09-27"	"game-01"	721059
"2013-09-27"	"game-01"	472077
"2013-09-27"	"game-01"	789276
"2013-09-27"	"game-01"	450093
"2013-09-27"	"game-01"	68010
"2013-09-27"	"game-01"	172296
"2013-09-27"	"game-01"	38391
"2013-09-27"	"game-01"	377844
"2013-09-27"	"game-01"	484275
"2013-09-27"	"game-01"	842683
"2013-09-27"	"game-01"	835722
"2013-09-27"	"game-01"	875085
"2013-09-27"	"game-01"	333872
"2013-09-27"	"game-01"	539959
"2013-09-27"	"game-01"	155727
"2013-09-27"	"game-01"	267002
"2013-09-27"	"game-01"	264721
"2013-09-27"	"game-01"	835977
"2013-09-27"	"game-01"	386821
"2013-09-27"	"game-01"	814166
"2013-09-27"	"game-01"	305748
"2013-09-27"	"game-01"	706261
"2013-09-27"	"game-01"	118476
"2013-09-27"	"game-01"	273353
"2013-09-27"	"game-01"	434861
"2013-09-27"	"game-01"	652652
"2013-09-27"	"game-01"	774705
"2013-09-27"	"game-01"	294382
"2013-09-27"	"game-01"	141687
"2013-09-27"	"game-01"	289843
"2013-09-27"	"game-01"	385135
"2013-09-27"	"game-01"	126706
"2013-09-27"	"game-01"	980743
"2013-09-27"	"game-01"	431040
"2013-09-27"	"game-01"	578008
"2013-09-27"	"game-01"	423069
"2013-09-27"	"game-01"	411956
"2013-09-27"	"game-01"	10358
"2013-09-27"	"game-01"	74461
"2013-09-27"	"game-01"	592328
"2013-09-27"	"game-01"	823903
"2013-09-27"	"game-01"	698615
"2013-09-27"	"game-01"	69430
"2013-09-27"	"game-01"	65585
"2013-09-27"	"game-01"	73145
"2013-09-27"	"game-01"	362217
"2013-09-27"	"game-01"	804304
"2013-09-27"	"game-01"	816850
"2013-09-27"	"game-01"	40627
"2013-09-27"	"game-01"	92791
"2013-09-27"	"game-01"	344281
"2013-09-27"	"game-01"	547726
"2013-09-27"	"game-01"	736445
"2013-09-27"	"game-01"	276018
"2013-09-27"	"game-01"	36988
"2013-09-27"	"game-01"	538619
"2013-09-27"	"game-01"	125933
"2013-09-27"	"game-01"	308317
"2013-09-27"	"game-01"	958042
"2013-09-27"	"game-01"	716805
"2013-09-27"	"game-01"	422976
"2013-09-27"	"game-01"	457705
"2013-09-27"	"game-01"	202063
"2013-09-27"	"game-01"	951743
"2013-09-27"	"game-01"	832769
"2013-09-27"	"game-01"	948727
"2013-09-27"	"game-01"	469750
"2013-09-27"	"game-01"	425085
"2013-09-27"	"game-01"	254110
"2013-09-27"	"game-01"	571717
"2013-09-27"	"game-01"	64337
"2013-09-27"	"game-01"	136880
"2013-09-27"	"game-01"	636668
"2013-09-27"	"game-01"	345218
"2013-09-27"	"game-01"	397036
"2013-09-27"	"game-01"	607888
"2013-09-27"	"game-01"	280058
"2013-09-27"	"game-01"	677487
"2013-09-27"	"game-01"	773257
"2013-09-27"	"game-01"	519474
"2013-09-27"	"game-01"	34392
"2013-09-27"	"game-01"	899025
"2013-09-27"	"game-01"	843853
"2013-09-27"	"game-01"	757772
"2013-09-27"	"game-01"	709687
"2013-09-27"	"game-01"	898576
"2013-09-27"	"game-01"	757788
"2013-09-27"	"game-01"	335651
"2013-09-27"	"game-01"	815301
"2013-09-27"	"game-01"	124569
"2013-09-27"	"game-01"	716119
"2013-09-27"	"game-01"	450006
"2013-09-27"	"game-01"	757666
"2013-09-27"	"game-01"	402025
"2013-09-27"	"game-01"	117757
"2013-09-27"	"game-01"	818608
"2013-09-27"	"game-01"	388025
"2013-09-27"	"game-01"	239560
"2013-09-27"	"game-01"	170858
"2013-09-27"	"game-01"	81170
"2013-09-27"	"game-01"	836512
"2013-09-27"	"game-01"	827602
"2013-09-27"	"game-01"	172398
"2013-09-27"	"game-01"	300782
"2013-09-27"	"game-01"	232196
"2013-09-27"	"game-01"	703122
"2013-09-27"	"game-01"	2502
"2013-09-27"	"game-01"	203766
"2013-09-27"	"game-01"	477135
"2013-09-27"	"game-01"	309882
"2013-09-27"	"game-01"	675701
"2013-09-27"	"game-01"	338975
"2013-09-27"	"game-01"	359175
"2013-09-27"	"game-01"	128229
"2013-09-27"	"game-01"	910725
"2013-09-27"	"game-01"	243855
"2013-09-27"	"game-01"	44441
"2013-09-27"	"game-01"	294788
"2013-09-27"	"game-01"	665395
"2013-09-27"	"game-01"	341550
"2013-09-27"	"game-01"	582769
"2013-09-27"	"game-01"	143976
"2013-09-27"	"game-01"	939041
"2013-09-27"	"game-01"	519427
"2013-09-27"	"game-01"	864560
"2013-09-27"	"game-01"	433742
"2013-09-27"	"game-01"	761563
"2013-09-27"	"game-01"	242797
"2013-09-27"	"game-01"	445244
"2013-09-27"	"game-01"	711826
"2013-09-27"	"game-01"	952209
"2013-09-27"	"game-01"	309403
"2013-09-27"	"game-01"	104749
"2013-09-27"	"game-01"	784514
"2013-09-27"	"game-01"	339171
"2013-09-27"	"game-01"	259233
"2013-09-27"	"game-01"	24335
"2013-09-27"	"game-01"	486210
"2013-09-27"	"game-01"	491428
"2013-09-27"	"game-01"	939322
"2013-09-27"	"game-01"	769225
"2013-09-27"	"game-01"	292738
"2013-09-27"	"game-01"	5998
"2013-09-27"	"game-01"	983964
"2013-09-27"	"game-01"	981360
"2013-09-27"	"game-01"	948457
"2013-09-27"	"game-01"	837782
"2013-09-27"	"game-01"	48916
"2013-09-27"	"game-01"	460154
"2013-09-27"	"game-01"	533763
"2013-09-27"	"game-01"	827894
"2013-09-27"	"game-01"	983870
"2013-09-27"	"game-01"	85053
"2013-09-27"	"game-01"	669018
"2013-09-27"	"game-01"	989067
"2013-09-27"	"game-01"	32029
"2013-09-27"	"game-01"	556671
"2013-09-27"	"game-01"	877100
"2013-09-27"	"game-01"	75103
"2013-09-27"	"game-01"	798295
"2013-09-27"	"game-01"	644340
"2013-09-27"	"game-01"	940256
"2013-09-27"	"game-01"	366562
"2013-09-27"	"game-01"	20001
"2013-09-27"	"game-01"	114806
"2013-09-27"	"game-01"	977915
"2013-09-27"	"game-01"	481391
"2013-09-27"	"game-01"	798306
"2013-09-27"	"game-01"	512515
"2013-09-27"	"game-01"	228611
"2013-09-27"	"game-01"	732013
"2013-09-27"	"game-01"	535113
"2013-09-27"	"game-01"	401019
"2013-09-27"	"game-01"	776663
"2013-09-27"	"game-01"	125404
"2013-09-27"	"game-01"	835329
"2013-09-27"	"game-01"	274425
"2013-09-27"	"game-01"	648399
"2013-09-27"	"game-01"	427914
"2013-09-27"	"game-01"	113008
"2013-09-27"	"game-01"	524176
"2013-09-27"	"game-01"	366568
"2013-09-27"	"game-01"	104075
"2013-09-27"	"game-01"	286937
"2013-09-27"	"game-01"	823504
"2013-09-27"	"game-01"	140236
"2013-09-27"	"game-01"	794215
"2013-09-27"	"game-01"	479849
"2013-09-27"	"game-01"	694336
"2013-09-27"	"game-01"	359065
"2013-09-27"	"game-01"	935334
"2013-09-27"	"game-01"	305681
"2013-09-27"	"game-01"	116768
"2013-09-27"	"game-01"	723455
"2013-09-27"	"game-01"	828658
"2013-09-27"	"game-01"	131719
"2013-09-27"	"game-01"	872375
"2013-09-27"	"game-01"	464901
"2013-09-27"	"game-01"	1141
"2013-09-27"	"game-01"	73216
"2013-09-27"	"game-01"	148353
"2013-09-27"	"game-01"	407233
"2013-09-27"	"game-01"	848578
"2013-09-27"	"game-01"	902176
"2013-09-27"	"game-01"	665626
"2013-09-27"	"game-01"	453893
"2013-09-27"	"game-01"	91313
"2013-09-27"	"game-01"	421405
"2013-09-27"	"game-01"	383908
"2013-09-27"	"game-01"	189341
"2013-09-27"	"game-01"	852633
"2013-09-27"	"game-01"	955241
"2013-09-27"	"game-01"	143223
"2013-09-27"	"game-01"	746592
"2013-09-27"	"game-01"	466345
"2013-09-27"	"game-01"	41580
"2013-09-27"	"game-01"	3722
"2013-09-27"	"game-01"	866564
"2013-09-27"	"game-01"	748998
"2013-09-27"	"game-01"	82677
"2013-09-27"	"game-01"	268818
"2013-09-27"	"game-01"	633253
"2013-09-27"	"game-01"	609601
"2013-09-27"	"game-01"	419346
"2013-09-27"	"game-01"	831398
"2013-09-27"	"game-01"	448589
"2013-09-27"	"game-01"	119528
"2013-09-27"	"game-01"	947811
"2013-09-27"	"game-01"	127451
"2013-09-27"	"game-01"	127451
"2013-09-27"	"game-01"	524994
"2013-09-27"	"game-01"	78601
"2013-09-27"	"game-01"	733887
"2013-09-27"	"game-01"	889280
"2013-09-27"	"game-01"	253564
"2013-09-27"	"game-01"	746425
"2013-09-27"	"game-01"	334172
"2013-09-27"	"game-01"	874798
"2013-09-27"	"game-01"	451147
"2013-09-27"	"game-01"	821538
"2013-09-27"	"game-01"	544198
"2013-09-27"	"game-01"	761370
"2013-09-27"	"game-01"	323944
"2013-09-27"	"game-01"	187053
"2013-09-27"	"game-01"	239705
"2013-09-27"	"game-01"	569330
"2013-09-27"	"game-01"	965192
"2013-09-27"	"game-01"	653309
"2013-09-27"	"game-01"	398129
"2013-09-27"	"game-01"	624264
"2013-09-27"	"game-01"	956884
"2013-09-27"	"game-01"	975470
"2013-09-27"	"game-01"	604623
"2013-09-27"	"game-01"	145015
"2013-09-27"	"game-01"	17920
"2013-09-27"	"game-01"	248413
"2013-09-27"	"game-01"	935558
"2013-09-27"	"game-01"	847759
"2013-09-27"	"game-01"	508434
"2013-09-27"	"game-01"	914684
"2013-09-27"	"game-01"	821447
"2013-09-27"	"game-01"	205600
"2013-09-27"	"game-01"	627541
"2013-09-27"	"game-01"	787122
"2013-09-27"	"game-01"	719179
"2013-09-27"	"game-01"	644508
"2013-09-27"	"game-01"	343805
"2013-09-27"	"game-01"	772263
"2013-09-27"	"game-01"	108739
"2013-09-27"	"game-01"	984112
"2013-09-27"	"game-01"	759746
"2013-09-27"	"game-01"	40653
"2013-09-27"	"game-01"	950611
"2013-09-27"	"game-01"	92681
"2013-09-27"	"game-01"	911595
"2013-09-27"	"game-01"	95253
"2013-09-27"	"game-01"	351089
"2013-09-27"	"game-01"	237335
"2013-09-27"	"game-01"	351712
"2013-09-27"	"game-01"	420412
"2013-09-27"	"game-01"	546406
"2013-09-27"	"game-01"	874425
"2013-09-27"	"game-01"	560093
"2013-09-27"	"game-01"	392788
"2013-09-27"	"game-01"	201393
"2013-09-27"	"game-01"	671330
"2013-09-27"	"game-01"	528541
"2013-09-27"	"game-01"	164399
"2013-09-27"	"game-01"	541326
"2013-09-27"	"game-01"	818921
"2013-09-27"	"game-01"	975561
"2013-09-27"	"game-01"	699517
"2013-09-27"	"game-01"	374281
"2013-09-27"	"game-01"	241977
"2013-09-27"	"game-01"	241977
"2013-09-27"	"game-01"	206056
"2013-09-27"	"game-01"	973753
"2013-09-27"	"game-01"	3888
"2013-09-27"	"game-01"	478503
"2013-09-27"	"game-01"	15043
"2013-09-27"	"game-01"	429049
"2013-09-27"	"game-01"	699581
"2013-09-27"	"game-01"	498155
"2013-09-27"	"game-01"	822662
"2013-09-27"	"game-01"	542128
"2013-09-27"	"game-01"	155213
"2013-09-27"	"game-01"	205025
"2013-09-27"	"game-01"	29927
"2013-09-27"	"game-01"	96463
"2013-09-27"	"game-01"	734329
"2013-09-27"	"game-01"	921817
"2013-09-27"	"game-01"	879592
"2013-09-27"	"game-01"	341802
"2013-09-27"	"game-01"	150755
"2013-09-27"	"game-01"	515545
"2013-09-27"	"game-01"	331884
"2013-09-27"	"game-01"	309259
"2013-09-27"	"game-01"	140033
"2013-09-27"	"game-01"	413495
"2013-09-27"	"game-01"	790680
"2013-09-27"	"game-01"	935795
"2013-09-27"	"game-01"	17624
"2013-09-27"	"game-01"	800232
"2013-09-27"	"game-01"	926777
"2013-09-27"	"game-01"	584430
"2013-09-27"	"game-01"	206097
"2013-09-27"	"game-01"	848389
"2013-09-27"	"game-01"	683662
"2013-09-27"	"game-01"	935605
"2013-09-27"	"game-01"	156909
"2013-09-27"	"game-01"	338781
"2013-09-27"	"game-01"	502800
"2013-09-27"	"game-01"	5771
"2013-09-27"	"game-01"	838442
"2013-09-27"	"game-01"	675772
"2013-09-27"	"game-01"	477365
"2013-09-27"	"game-01"	960823
"2013-09-27"	"game-01"	922265
"2013-09-27"	"game-01"	461379
"2013-09-27"	"game-01"	834342
"2013-09-27"	"game-01"	513226
"2013-09-27"	"game-01"	50925
"2013-09-27"	"game-01"	383835
"2013-09-27"	"game-01"	529908
"2013-09-27"	"game-01"	152524
"2013-09-27"	"game-01"	472222
"2013-09-27"	"game-01"	811863
"2013-09-27"	"game-01"	552613
"2013-09-27"	"game-01"	414211
"2013-09-27"	"game-01"	324632
"2013-09-27"	"game-01"	874809
"2013-09-27"	"game-01"	503802
"2013-09-27"	"game-01"	897715
"2013-09-27"	"game-01"	481095
"2013-09-27"	"game-01"	417593
"2013-09-27"	"game-01"	313640
"2013-09-27"	"game-01"	447299
"2013-09-27"	"game-01"	776033
"2013-09-27"	"game-01"	430437
"2013-09-27"	"game-01"	913512
"2013-09-27"	"game-01"	781415
"2013-09-27"	"game-01"	20062
"2013-09-27"	"game-01"	135365
"2013-09-27"	"game-01"	729765
"2013-09-27"	"game-01"	781471
"2013-09-27"	"game-01"	440750
"2013-09-27"	"game-01"	798149
"2013-09-27"	"game-01"	889476
"2013-09-27"	"game-01"	782631
"2013-09-27"	"game-01"	273282
"2013-09-27"	"game-01"	2218
"2013-09-27"	"game-01"	570288
"2013-09-27"	"game-01"	937798
"2013-09-27"	"game-01"	489094
"2013-09-27"	"game-01"	55425
"2013-09-27"	"game-01"	258012
"2013-09-27"	"game-01"	263158
"2013-09-27"	"game-01"	138025
"2013-09-27"	"game-01"	991862
"2013-09-27"	"game-01"	559470
"2013-09-27"	"game-01"	707607
"2013-09-27"	"game-01"	593799
"2013-09-27"	"game-01"	959083
"2013-09-27"	"game-01"	375226
"2013-09-27"	"game-01"	21717
"2013-09-27"	"game-01"	616725
"2013-09-27"	"game-01"	751509
"2013-09-27"	"game-01"	721300
"2013-09-27"	"game-01"	414267
"2013-09-27"	"game-01"	139834
"2013-09-27"	"game-01"	730413
"2013-09-27"	"game-01"	205768
"2013-09-27"	"game-01"	797258
"2013-09-27"	"game-01"	922956
"2013-09-27"	"game-01"	147866
"2013-09-27"	"game-01"	404402
"2013-09-27"	"game-01"	354459
"2013-09-27"	"game-01"	607299
"2013-09-27"	"game-01"	208485
"2013-09-27"	"game-01"	496032
"2013-09-27"	"game-01"	821048
"2013-09-27"	"game-01"	949147
"2013-09-27"	"game-01"	64827
"2013-09-27"	"game-01"	911367
"2013-09-27"	"game-01"	515213
"2013-09-27"	"game-01"	423559
"2013-09-27"	"game-01"	807230
"2013-09-27"	"game-01"	273744
"2013-09-27"	"game-01"	518316
"2013-09-27"	"game-01"	150159
"2013-09-27"	"game-01"	846230
"2013-09-27"	"game-01"	738108
"2013-09-27"	"game-01"	65247
"2013-09-27"	"game-01"	914489
"2013-09-27"	"game-01"	99034
"2013-09-27"	"game-01"	482999
"2013-09-27"	"game-01"	661723
"2013-09-27"	"game-01"	721977
"2013-09-27"	"game-01"	990686
"2013-09-27"	"game-01"	378518
"2013-09-27"	"game-01"	48299
"2013-09-27"	"game-01"	138632
"2013-09-27"	"game-01"	604541
"2013-09-27"	"game-01"	324789
"2013-09-27"	"game-01"	931922
"2013-09-27"	"game-01"	148389
"2013-09-27"	"game-01"	482512
"2013-09-27"	"game-01"	187861
"2013-09-27"	"game-01"	338708
"2013-09-27"	"game-01"	286688
"2013-09-27"	"game-01"	543512
"2013-09-27"	"game-01"	676168
"2013-09-27"	"game-01"	605140
"2013-09-27"	"game-01"	253933
"2013-09-27"	"game-01"	307495
"2013-09-27"	"game-01"	591467
"2013-09-27"	"game-01"	195128
"2013-09-27"	"game-01"	337754
"2013-09-27"	"game-01"	958857
"2013-09-27"	"game-01"	462344
"2013-09-27"	"game-01"	111033
"2013-09-27"	"game-01"	302268
"2013-09-27"	"game-01"	948792
"2013-09-27"	"game-01"	583494
"2013-09-27"	"game-01"	468369
"2013-09-27"	"game-01"	969128
"2013-09-27"	"game-01"	512324
"2013-09-27"	"game-01"	326779
"2013-09-27"	"game-01"	753520
"2013-09-27"	"game-01"	163555
"2013-09-27"	"game-01"	579702
"2013-09-27"	"game-01"	326860
"2013-09-27"	"game-01"	820552
"2013-09-27"	"game-01"	685395
"2013-09-27"	"game-01"	673292
"2013-09-27"	"game-01"	956226
"2013-09-27"	"game-01"	258144
"2013-09-27"	"game-01"	91292
"2013-09-27"	"game-01"	133807
"2013-09-27"	"game-01"	538047
"2013-09-27"	"game-01"	915946
"2013-09-27"	"game-01"	241387
"2013-09-27"	"game-01"	695667
"2013-09-27"	"game-01"	820197
"2013-09-27"	"game-01"	457643
"2013-09-27"	"game-01"	115423
"2013-09-27"	"game-01"	217227
"2013-09-27"	"game-01"	746724
"2013-09-27"	"game-01"	477368
"2013-09-27"	"game-01"	108082
"2013-09-27"	"game-01"	576398
"2013-09-27"	"game-01"	200182
"2013-09-27"	"game-01"	564313
"2013-09-27"	"game-01"	193617
"2013-09-27"	"game-01"	840431
"2013-09-27"	"game-01"	651125
"2013-09-27"	"game-01"	67137
"2013-09-27"	"game-01"	868826
"2013-09-27"	"game-01"	295383
"2013-09-27"	"game-01"	653645
"2013-09-27"	"game-01"	477827
"2013-09-27"	"game-01"	472779
"2013-09-27"	"game-01"	654451
"2013-09-27"	"game-01"	423983
"2013-09-27"	"game-01"	359820
"2013-09-27"	"game-01"	302793
"2013-09-27"	"game-01"	60158
"2013-09-27"	"game-01"	477871
"2013-09-27"	"game-01"	358690
"2013-09-27"	"game-01"	975911
"2013-09-27"	"game-01"	569654
"2013-09-27"	"game-01"	493169
"2013-09-27"	"game-01"	737829
"2013-09-27"	"game-01"	364490
"2013-09-27"	"game-01"	418531
"2013-09-27"	"game-01"	929419
"2013-09-27"	"game-01"	232135
"2013-09-27"	"game-01"	411
"2013-09-27"	"game-01"	211199
"2013-09-27"	"game-01"	655094
"2013-09-27"	"game-01"	651237
"2013-09-27"	"game-01"	959517
"2013-09-27"	"game-01"	204644
"2013-09-27"	"game-01"	559329
"2013-09-27"	"game-01"	498195
"2013-09-27"	"game-01"	374386
"2013-09-27"	"game-01"	191238
"2013-09-27"	"game-01"	854260
"2013-09-27"	"game-01"	861016
"2013-09-27"	"game-01"	100603
"2013-09-27"	"game-01"	512589
"2013-09-27"	"game-01"	40478
"2013-09-27"	"game-01"	441631
"2013-09-27"	"game-01"	743335
"2013-09-27"	"game-01"	117417
"2013-09-27"	"game-01"	73664
"2013-09-27"	"game-01"	453994
"2013-09-27"	"game-01"	11595
"2013-09-27"	"game-01"	636228
"2013-09-27"	"game-01"	999856
"2013-09-27"	"game-01"	511181
"2013-09-27"	"game-01"	859268
"2013-09-27"	"game-01"	374420
"2013-09-27"	"game-01"	47842
"2013-09-27"	"game-01"	808496
"2013-09-27"	"game-01"	88527
"2013-09-27"	"game-01"	762771
"2013-09-27"	"game-01"	696104
"2013-09-27"	"game-01"	668540
"2013-09-27"	"game-01"	917361
"2013-09-27"	"game-01"	966836
"2013-09-27"	"game-01"	103196
"2013-09-27"	"game-01"	541696
"2013-09-27"	"game-01"	472262
"2013-09-27"	"game-01"	875400
"2013-09-27"	"game-01"	739092
"2013-09-27"	"game-01"	791898
"2013-09-27"	"game-01"	101242
"2013-09-27"	"game-01"	658530
"2013-09-27"	"game-01"	918669
"2013-09-27"	"game-01"	398089
"2013-09-27"	"game-01"	140114
"2013-09-27"	"game-01"	206233
"2013-09-27"	"game-01"	815701
"2013-09-27"	"game-01"	753951
"2013-09-27"	"game-01"	953822
"2013-09-27"	"game-01"	470131
"2013-09-27"	"game-01"	174589
"2013-09-27"	"game-01"	952760
"2013-09-27"	"game-01"	252925
"2013-09-27"	"game-01"	846579
"2013-09-27"	"game-01"	181380
"2013-09-27"	"game-01"	570830
"2013-09-27"	"game-01"	619942
"2013-09-27"	"game-01"	191945
"2013-09-27"	"game-01"	390327
"2013-09-27"	"game-01"	108710
"2013-09-27"	"game-01"	102713
"2013-09-27"	"game-01"	303646
"2013-09-27"	"game-01"	107056
"2013-09-27"	"game-01"	463484
"2013-09-27"	"game-01"	283701
"2013-09-27"	"game-01"	89069
"2013-09-27"	"game-01"	402941
"2013-09-27"	"game-01"	140441
"2013-09-27"	"game-01"	925960
"2013-09-27"	"game-01"	19466
"2013-09-27"	"game-01"	369877
"2013-09-27"	"game-01"	484710
"2013-09-27"	"game-01"	273823
"2013-09-27"	"game-01"	908426
"2013-09-27"	"game-01"	21208
"2013-09-27"	"game-01"	632374
"2013-09-27"	"game-01"	50230
"2013-09-27"	"game-01"	234317
"2013-09-27"	"game-01"	923021
"2013-09-27"	"game-01"	826111
"2013-09-27"	"game-01"	661507
"2013-09-27"	"game-01"	212811
"2013-09-27"	"game-01"	16474
"2013-09-27"	"game-01"	986790
"2013-09-27"	"game-01"	252210
"2013-09-27"	"game-01"	928088
"2013-09-27"	"game-01"	739770
"2013-09-27"	"game-01"	390079
"2013-09-27"	"game-01"	726093
"2013-09-27"	"game-01"	346572
"2013-09-27"	"game-01"	954092
"2013-09-27"	"game-01"	239543
"2013-09-27"	"game-01"	808572
"2013-09-27"	"game-01"	976068
"2013-09-27"	"game-01"	394200
"2013-09-27"	"game-01"	536992
"2013-09-27"	"game-01"	1345
"2013-09-27"	"game-01"	85454
"2013-09-27"	"game-01"	933735
"2013-09-27"	"game-01"	56013
"2013-09-27"	"game-01"	956522
"2013-09-27"	"game-01"	463236
"2013-09-27"	"game-01"	905336
"2013-09-27"	"game-01"	400826
"2013-09-27"	"game-01"	363025
"2013-09-27"	"game-01"	249757
"2013-09-27"	"game-01"	835003
"2013-09-27"	"game-01"	161021
"2013-09-27"	"game-01"	329454
"2013-09-27"	"game-01"	377807
"2013-09-27"	"game-01"	613494
"2013-09-27"	"game-01"	393656
"2013-09-27"	"game-01"	714490
"2013-09-27"	"game-01"	815949
"2013-09-27"	"game-01"	868688
"2013-09-27"	"game-01"	965767
"2013-09-27"	"game-01"	557400
"2013-09-27"	"game-01"	550394
"2013-09-27"	"game-01"	220126
"2013-09-27"	"game-01"	997083
"2013-09-27"	"game-01"	133230
"2013-09-27"	"game-01"	375339
"2013-09-27"	"game-01"	599595
"2013-09-27"	"game-01"	341311
"2013-09-27"	"game-01"	410831
"2013-09-27"	"game-01"	718696
"2013-09-27"	"game-01"	351047
"2013-09-27"	"game-01"	260944
"2013-09-27"	"game-01"	473004
"2013-09-27"	"game-01"	251418
"2013-09-27"	"game-01"	486981
"2013-09-27"	"game-01"	897674
"2013-09-27"	"game-01"	211091
"2013-09-27"	"game-01"	321619
"2013-09-27"	"game-01"	483881
"2013-09-27"	"game-01"	697916
"2013-09-27"	"game-01"	840114
"2013-09-27"	"game-01"	941426
"2013-09-27"	"game-01"	166474
"2013-09-27"	"game-01"	819674
"2013-09-27"	"game-01"	273481
"2013-09-27"	"game-01"	154718
"2013-09-27"	"game-01"	479979
"2013-09-27"	"game-01"	499011
"2013-09-27"	"game-01"	73189
"2013-09-27"	"game-01"	171622
"2013-09-27"	"game-01"	390942
"2013-09-27"	"game-01"	387954
"2013-09-27"	"game-01"	964100
"2013-09-27"	"game-01"	631270
"2013-09-27"	"game-01"	726687
"2013-09-27"	"game-01"	841702
"2013-09-27"	"game-01"	60723
"2013-09-27"	"game-01"	903471
"2013-09-27"	"game-01"	5241
"2013-09-27"	"game-01"	502376
"2013-09-27"	"game-01"	982462
"2013-09-27"	"game-01"	261672
"2013-09-27"	"game-01"	548061
"2013-09-27"	"game-01"	908550
"2013-09-27"	"game-01"	550176
"2013-09-27"	"game-01"	908128
"2013-09-27"	"game-01"	978412
"2013-09-27"	"game-01"	932204
"2013-09-27"	"game-01"	333700
"2013-09-27"	"game-01"	803107
"2013-09-27"	"game-01"	568442
"2013-09-27"	"game-01"	864172
"2013-09-27"	"game-01"	300028
"2013-09-27"	"game-01"	563790
"2013-09-27"	"game-01"	799273
"2013-09-27"	"game-01"	532178
"2013-09-27"	"game-01"	63342
"2013-09-27"	"game-01"	651871
"2013-09-27"	"game-01"	341839
"2013-09-27"	"game-01"	153154
"2013-09-27"	"game-01"	27886
"2013-09-27"	"game-01"	90675
"2013-09-27"	"game-01"	397563
"2013-09-27"	"game-01"	329440
"2013-09-27"	"game-01"	21683
"2013-09-27"	"game-01"	477013
"2013-09-27"	"game-01"	733402
"2013-09-27"	"game-01"	124865
"2013-09-27"	"game-01"	67765
"2013-09-27"	"game-01"	369848
"2013-09-27"	"game-01"	823385
"2013-09-27"	"game-01"	221835
"2013-09-27"	"game-01"	556230
"2013-09-27"	"game-01"	633008
"2013-09-27"	"game-01"	862461
"2013-09-27"	"game-01"	612721
"2013-09-27"	"game-01"	893438
"2013-09-27"	"game-01"	31151
"2013-09-27"	"game-01"	115234
"2013-09-27"	"game-01"	60780
"2013-09-27"	"game-01"	894903
"2013-09-27"	"game-01"	226596
"2013-09-27"	"game-01"	44436
"2013-09-27"	"game-01"	444946
"2013-09-27"	"game-01"	661769
"2013-09-27"	"game-01"	384139
"2013-09-27"	"game-01"	313340
"2013-09-27"	"game-01"	389422
"2013-09-27"	"game-01"	135987
"2013-09-27"	"game-01"	855373
"2013-09-27"	"game-01"	870174
"2013-09-27"	"game-01"	803802
"2013-09-27"	"game-01"	689019
"2013-09-27"	"game-01"	407720
"2013-09-27"	"game-01"	855552
"2013-09-27"	"game-01"	681388
"2013-09-27"	"game-01"	728356
"2013-09-27"	"game-01"	621544
"2013-09-27"	"game-01"	157020
"2013-09-27"	"game-01"	209917
"2013-09-27"	"game-01"	402377
"2013-09-27"	"game-01"	609267
"2013-09-27"	"game-01"	938779
"2013-09-27"	"game-01"	93261
"2013-09-27"	"game-01"	16160
"2013-09-27"	"game-01"	125820
"2013-09-27"	"game-01"	663471
"2013-09-27"	"game-01"	904945
"2013-09-27"	"game-01"	6139
"2013-09-27"	"game-01"	109684
"2013-09-27"	"game-01"	742317
"2013-09-27"	"game-01"	287324
"2013-09-27"	"game-01"	252513
"2013-09-27"	"game-01"	736494
"2013-09-27"	"game-01"	546748
"2013-09-27"	"game-01"	335044
"2013-09-27"	"game-01"	480001
"2013-09-27"	"game-01"	135209
"2013-09-27"	"game-01"	862153
"2013-09-27"	"game-01"	949697
"2013-09-27"	"game-01"	391417
"2013-09-27"	"game-01"	957337
"2013-09-27"	"game-01"	851087
"2013-09-27"	"game-01"	945641
"2013-09-27"	"game-01"	549027
"2013-09-27"	"game-01"	120872
"2013-09-27"	"game-01"	646574
"2013-09-27"	"game-01"	832571
"2013-09-27"	"game-01"	421190
"2013-09-27"	"game-01"	758972
"2013-09-27"	"game-01"	653993
"2013-09-27"	"game-01"	184358
"2013-09-27"	"game-01"	599225
"2013-09-27"	"game-01"	44837
"2013-09-27"	"game-01"	268821
"2013-09-27"	"game-01"	672377
"2013-09-27"	"game-01"	435073
"2013-09-27"	"game-01"	909221
"2013-09-27"	"game-01"	411692
"2013-09-27"	"game-01"	12884
"2013-09-27"	"game-01"	535024
"2013-09-27"	"game-01"	994507
"2013-09-27"	"game-01"	560303
"2013-09-27"	"game-01"	55232
"2013-09-27"	"game-01"	438189
"2013-09-27"	"game-01"	219927
"2013-09-27"	"game-01"	258010
"2013-09-27"	"game-01"	221366
"2013-09-27"	"game-01"	296488
"2013-09-27"	"game-01"	828028
"2013-09-27"	"game-01"	147482
"2013-09-27"	"game-01"	309112
"2013-09-27"	"game-01"	874289
"2013-09-27"	"game-01"	247973
"2013-09-27"	"game-01"	284750
"2013-09-27"	"game-01"	936026
"2013-09-27"	"game-01"	770242
"2013-09-27"	"game-01"	36825
"2013-09-27"	"game-01"	930190
"2013-09-27"	"game-01"	252937
"2013-09-27"	"game-01"	800535
"2013-09-27"	"game-01"	951653
"2013-09-27"	"game-01"	776799
"2013-09-27"	"game-01"	180607
"2013-09-27"	"game-01"	247664
"2013-09-27"	"game-01"	26623
"2013-09-27"	"game-01"	739676
"2013-09-27"	"game-01"	565807
"2013-09-27"	"game-01"	335324
"2013-09-27"	"game-01"	886917
"2013-09-27"	"game-01"	225414
"2013-09-27"	"game-01"	363961
"2013-09-27"	"game-01"	178295
"2013-09-27"	"game-01"	657582
"2013-09-27"	"game-01"	873388
"2013-09-27"	"game-01"	420936
"2013-09-27"	"game-01"	42067
"2013-09-27"	"game-01"	382370
